BOL_Number,Contract_ID,Carrier,POL_Origin,POD_Destination,Container_Type,Shipment_Date,Actual_Demurrage_Days
BOL202600001,CTR-1027,CMA CGM,VNHPH (Hai Phong),DEHAM (Hamburg),20DC,2026-03-13,6
BOL202600002,CTR-1110,Evergreen,VNSGN (Cat Lai),NLRTM (Rotterdam),40HC,2026-06-14,9
BOL202600003,CTR-1081,ONE,VNSGN (Cat Lai),CNSHA (Shanghai),20DC,2026-04-13,11
BOL202600004,CTR-1112,Evergreen,VNSGN (Cat Lai),USLAX (Los Angeles),40HC,2026-05-18,6
BOL202600005,CTR-1049,COSCO,VNHPH (Hai Phong),CNSHA (Shanghai),20DC,2026-01-08,2
BOL202600006,CTR-1062,COSCO,VNSGN (Cat Lai),NLRTM (Rotterdam),40HC,2026-03-08,3
BOL202600007,CTR-1010,Maersk,VNSGN (Cat Lai),CNSHA (Shanghai),40HC,2026-05-29,5
BOL202600008,CTR-1154,Hapag-Lloyd,VNSGN (Cat Lai),CNSHA (Shanghai),40HC,2026-01-10,2
BOL202600009,CTR-1041,CMA CGM,VNDNG (Da Nang),CNSHA (Shanghai),20DC,2026-06-02,7
BOL202600010,CTR-1113,Evergreen,VNDNG (Da Nang),CNSHA (Shanghai),20DC,2026-03-30,12
BOL202600011,CTR-1153,Hapag-Lloyd,VNSGN (Cat Lai),CNSHA (Shanghai),20DC,2026-03-22,7
BOL202600012,CTR-1097,Evergreen,VNHPH (Hai Phong),CNSHA (Shanghai),20DC,2026-06-05,9
BOL202600013,CTR-1022,Maersk,VNDNG (Da Nang),NLRTM (Rotterdam),40HC,2026-01-30,7
BOL202600014,CTR-1070,COSCO,VNDNG (Da Nang),NLRTM (Rotterdam),40HC,2026-05-28,4
BOL202600015,CTR-1157,Hapag-Lloyd,VNSGN (Cat Lai),NLRTM (Rotterdam),20DC,2026-03-07,1
BOL202600016,CTR-1005,Maersk,VNHPH (Hai Phong),NLRTM (Rotterdam),20DC,2026-04-22,1
BOL202600017,CTR-1104,Evergreen,VNHPH (Hai Phong),USLAX (Los Angeles),40HC,2026-05-14,15
BOL202600018,CTR-1023,Maersk,VNDNG (Da Nang),USLAX (Los Angeles),20DC,2026-05-18,11
BOL202600019,CTR-1072,COSCO,VNDNG (Da Nang),USLAX (Los Angeles),40HC,2026-06-21,4
BOL202600020,CTR-1136,MSC,VNSGN (Cat Lai),USLAX (Los Angeles),40HC,2026-04-04,7
BOL202600021,CTR-1162,Hapag-Lloyd,VNDNG (Da Nang),CNSHA (Shanghai),40HC,2026-01-18,11
BOL202600022,CTR-1152,Hapag-Lloyd,VNHPH (Hai Phong),USLAX (Los Angeles),40HC,2026-03-26,10
BOL202600023,CTR-1154,Hapag-Lloyd,VNSGN (Cat Lai),CNSHA (Shanghai),40HC,2026-03-22,11
BOL202600024,CTR-1029,CMA CGM,VNHPH (Hai Phong),NLRTM (Rotterdam),20DC,2026-02-01,12
BOL202600025,CTR-1113,Evergreen,VNDNG (Da Nang),CNSHA (Shanghai),20DC,2026-03-18,9
BOL202600026,CTR-1001,Maersk,VNHPH (Hai Phong),CNSHA (Shanghai),20DC,2026-03-21,11
BOL202600027,CTR-1132,MSC,VNSGN (Cat Lai),DEHAM (Hamburg),40HC,2026-04-15,6
BOL202600028,CTR-1099,Evergreen,VNHPH (Hai Phong),DEHAM (Hamburg),20DC,2026-04-14,12
BOL202600029,CTR-1012,Maersk,VNSGN (Cat Lai),DEHAM (Hamburg),40HC,2026-03-17,9
BOL202600030,CTR-1021,Maersk,VNDNG (Da Nang),NLRTM (Rotterdam),20DC,2026-02-02,4
BOL202600031,CTR-1168,Hapag-Lloyd,VNDNG (Da Nang),USLAX (Los Angeles),40HC,2026-04-18,11
BOL202600032,CTR-1043,CMA CGM,VNDNG (Da Nang),DEHAM (Hamburg),20DC,2026-04-08,11
BOL202600033,CTR-1039,CMA CGM,VNSGN (Cat Lai),USLAX (Los Angeles),20DC,2026-02-14,10
BOL202600034,CTR-1048,CMA CGM,VNDNG (Da Nang),USLAX (Los Angeles),40HC,2026-05-26,5
BOL202600035,CTR-1154,Hapag-Lloyd,VNSGN (Cat Lai),CNSHA (Shanghai),40HC,2026-04-14,9
BOL202600036,CTR-1089,ONE,VNDNG (Da Nang),CNSHA (Shanghai),20DC,2026-01-01,5
BOL202600037,CTR-1141,MSC,VNDNG (Da Nang),NLRTM (Rotterdam),20DC,2026-03-15,4
BOL202600038,CTR-1139,MSC,VNDNG (Da Nang),DEHAM (Hamburg),20DC,2026-04-21,13
BOL202600039,CTR-1150,Hapag-Lloyd,VNHPH (Hai Phong),NLRTM (Rotterdam),40HC,2026-05-29,10
BOL202600040,CTR-1119,Evergreen,VNDNG (Da Nang),USLAX (Los Angeles),20DC,2026-06-17,6
BOL202600041,CTR-1154,Hapag-Lloyd,VNSGN (Cat Lai),CNSHA (Shanghai),40HC,2026-04-30,8
BOL202600042,CTR-1061,COSCO,VNSGN (Cat Lai),NLRTM (Rotterdam),20DC,2026-04-24,11
BOL202600043,CTR-1105,Evergreen,VNSGN (Cat Lai),CNSHA (Shanghai),20DC,2026-02-24,9
BOL202600044,CTR-1168,Hapag-Lloyd,VNDNG (Da Nang),USLAX (Los Angeles),40HC,2026-05-02,13
BOL202600045,CTR-1052,COSCO,VNHPH (Hai Phong),DEHAM (Hamburg),40HC,2026-02-13,11
BOL202600046,CTR-1009,Maersk,VNSGN (Cat Lai),CNSHA (Shanghai),20DC,2026-01-22,5
BOL202600047,CTR-1162,Hapag-Lloyd,VNDNG (Da Nang),CNSHA (Shanghai),40HC,2026-05-12,11
BOL202600048,CTR-1033,CMA CGM,VNSGN (Cat Lai),CNSHA (Shanghai),20DC,2026-06-12,10
BOL202600049,CTR-1036,CMA CGM,VNSGN (Cat Lai),DEHAM (Hamburg),40HC,2026-03-27,2
BOL202600050,CTR-1094,ONE,VNDNG (Da Nang),NLRTM (Rotterdam),40HC,2026-03-02,11
BOL202600051,CTR-1161,Hapag-Lloyd,VNDNG (Da Nang),CNSHA (Shanghai),20DC,2026-03-21,4
BOL202600052,CTR-1076,ONE,VNHPH (Hai Phong),DEHAM (Hamburg),40HC,2026-02-20,3
BOL202600053,CTR-1078,ONE,VNHPH (Hai Phong),NLRTM (Rotterdam),40HC,2026-01-07,1
BOL202600054,CTR-1117,Evergreen,VNDNG (Da Nang),NLRTM (Rotterdam),20DC,2026-03-04,8
BOL202600055,CTR-1056,COSCO,VNHPH (Hai Phong),USLAX (Los Angeles),40HC,2026-06-06,14
BOL202600056,CTR-1105,Evergreen,VNSGN (Cat Lai),CNSHA (Shanghai),20DC,2026-01-19,8
BOL202600057,CTR-1113,Evergreen,VNDNG (Da Nang),CNSHA (Shanghai),20DC,2026-04-17,15
BOL202600058,CTR-1140,MSC,VNDNG (Da Nang),DEHAM (Hamburg),40HC,2026-06-11,10
BOL202600059,CTR-1067,COSCO,VNDNG (Da Nang),DEHAM (Hamburg),20DC,2026-02-19,12
BOL202600060,CTR-1112,Evergreen,VNSGN (Cat Lai),USLAX (Los Angeles),40HC,2026-06-28,7
BOL202600061,CTR-1072,COSCO,VNDNG (Da Nang),USLAX (Los Angeles),40HC,2026-05-07,7
BOL202600062,CTR-1007,Maersk,VNHPH (Hai Phong),USLAX (Los Angeles),20DC,2026-03-04,3
BOL202600063,CTR-1077,ONE,VNHPH (Hai Phong),NLRTM (Rotterdam),20DC,2026-06-17,12
BOL202600064,CTR-1054,COSCO,VNHPH (Hai Phong),NLRTM (Rotterdam),40HC,2026-01-02,15
BOL202600065,CTR-1003,Maersk,VNHPH (Hai Phong),DEHAM (Hamburg),20DC,2026-01-28,13
BOL202600066,CTR-1027,CMA CGM,VNHPH (Hai Phong),DEHAM (Hamburg),20DC,2026-04-19,4
BOL202600067,CTR-1001,Maersk,VNHPH (Hai Phong),CNSHA (Shanghai),20DC,2026-02-15,13
BOL202600068,CTR-1059,COSCO,VNSGN (Cat Lai),DEHAM (Hamburg),20DC,2026-06-28,9
BOL202600069,CTR-1167,Hapag-Lloyd,VNDNG (Da Nang),USLAX (Los Angeles),20DC,2026-04-29,1
BOL202600070,CTR-1112,Evergreen,VNSGN (Cat Lai),USLAX (Los Angeles),40HC,2026-05-23,4
BOL202600071,CTR-1036,CMA CGM,VNSGN (Cat Lai),DEHAM (Hamburg),40HC,2026-02-01,8
BOL202600072,CTR-1007,Maersk,VNHPH (Hai Phong),USLAX (Los Angeles),20DC,2026-02-04,13
BOL202600073,CTR-1165,Hapag-Lloyd,VNDNG (Da Nang),NLRTM (Rotterdam),20DC,2026-04-29,11
BOL202600074,CTR-1004,Maersk,VNHPH (Hai Phong),DEHAM (Hamburg),40HC,2026-05-16,9
BOL202600075,CTR-1139,MSC,VNDNG (Da Nang),DEHAM (Hamburg),20DC,2026-06-02,6
BOL202600076,CTR-1083,ONE,VNSGN (Cat Lai),DEHAM (Hamburg),20DC,2026-04-24,10
BOL202600077,CTR-1117,Evergreen,VNDNG (Da Nang),NLRTM (Rotterdam),20DC,2026-05-10,7
BOL202600078,CTR-1139,MSC,VNDNG (Da Nang),DEHAM (Hamburg),20DC,2026-05-21,8
BOL202600079,CTR-1026,CMA CGM,VNHPH (Hai Phong),CNSHA (Shanghai),40HC,2026-02-10,12
BOL202600080,CTR-1168,Hapag-Lloyd,VNDNG (Da Nang),USLAX (Los Angeles),40HC,2026-05-02,8
BOL202600081,CTR-1146,Hapag-Lloyd,VNHPH (Hai Phong),CNSHA (Shanghai),40HC,2026-03-08,13
BOL202600082,CTR-1107,Evergreen,VNSGN (Cat Lai),DEHAM (Hamburg),20DC,2026-03-05,14
BOL202600083,CTR-1019,Maersk,VNDNG (Da Nang),DEHAM (Hamburg),20DC,2026-06-13,5
BOL202600084,CTR-1061,COSCO,VNSGN (Cat Lai),NLRTM (Rotterdam),20DC,2026-05-14,8
BOL202600085,CTR-1104,Evergreen,VNHPH (Hai Phong),USLAX (Los Angeles),40HC,2026-06-10,4
BOL202600086,CTR-1097,Evergreen,VNHPH (Hai Phong),CNSHA (Shanghai),20DC,2026-03-12,8
BOL202600087,CTR-1032,CMA CGM,VNHPH (Hai Phong),USLAX (Los Angeles),40HC,2026-01-20,12
BOL202600088,CTR-1048,CMA CGM,VNDNG (Da Nang),USLAX (Los Angeles),40HC,2026-03-15,4
BOL202600089,CTR-1090,ONE,VNDNG (Da Nang),CNSHA (Shanghai),40HC,2026-03-11,6
BOL202600090,CTR-1137,MSC,VNDNG (Da Nang),CNSHA (Shanghai),20DC,2026-03-23,15
BOL202600091,CTR-1122,MSC,VNHPH (Hai Phong),CNSHA (Shanghai),40HC,2026-05-19,2
BOL202600092,CTR-1084,ONE,VNSGN (Cat Lai),DEHAM (Hamburg),40HC,2026-02-05,3
BOL202600093,CTR-1125,MSC,VNHPH (Hai Phong),NLRTM (Rotterdam),20DC,2026-03-01,7
BOL202600094,CTR-1143,MSC,VNDNG (Da Nang),USLAX (Los Angeles),20DC,2026-06-27,3
BOL202600095,CTR-1168,Hapag-Lloyd,VNDNG (Da Nang),USLAX (Los Angeles),40HC,2026-06-30,4
BOL202600096,CTR-1143,MSC,VNDNG (Da Nang),USLAX (Los Angeles),20DC,2026-01-17,7
BOL202600097,CTR-1127,MSC,VNHPH (Hai Phong),USLAX (Los Angeles),20DC,2026-04-15,6
BOL202600098,CTR-1102,Evergreen,VNHPH (Hai Phong),NLRTM (Rotterdam),40HC,2026-05-19,8
BOL202600099,CTR-1153,Hapag-Lloyd,VNSGN (Cat Lai),CNSHA (Shanghai),20DC,2026-04-17,1
BOL202600100,CTR-1100,Evergreen,VNHPH (Hai Phong),DEHAM (Hamburg),40HC,2026-02-22,14
BOL202600101,CTR-1055,COSCO,VNHPH (Hai Phong),USLAX (Los Angeles),20DC,2026-04-18,7
BOL202600102,CTR-1055,COSCO,VNHPH (Hai Phong),USLAX (Los Angeles),20DC,2026-05-30,12
BOL202600103,CTR-1072,COSCO,VNDNG (Da Nang),USLAX (Los Angeles),40HC,2026-01-06,14
BOL202600104,CTR-1058,COSCO,VNSGN (Cat Lai),CNSHA (Shanghai),40HC,2026-05-28,7
BOL202600105,CTR-1160,Hapag-Lloyd,VNSGN (Cat Lai),USLAX (Los Angeles),40HC,2026-05-03,1
BOL202600106,CTR-1141,MSC,VNDNG (Da Nang),NLRTM (Rotterdam),20DC,2026-04-01,5
BOL202600107,CTR-1085,ONE,VNSGN (Cat Lai),NLRTM (Rotterdam),20DC,2026-04-10,14
BOL202600108,CTR-1138,MSC,VNDNG (Da Nang),CNSHA (Shanghai),40HC,2026-04-18,9
BOL202600109,CTR-1159,Hapag-Lloyd,VNSGN (Cat Lai),USLAX (Los Angeles),20DC,2026-05-20,13
BOL202600110,CTR-1026,CMA CGM,VNHPH (Hai Phong),CNSHA (Shanghai),40HC,2026-06-04,15
BOL202600111,CTR-1070,COSCO,VNDNG (Da Nang),NLRTM (Rotterdam),40HC,2026-02-26,8
BOL202600112,CTR-1050,COSCO,VNHPH (Hai Phong),CNSHA (Shanghai),40HC,2026-02-26,5
BOL202600113,CTR-1163,Hapag-Lloyd,VNDNG (Da Nang),DEHAM (Hamburg),20DC,2026-04-22,8
BOL202600114,CTR-1030,CMA CGM,VNHPH (Hai Phong),NLRTM (Rotterdam),40HC,2026-01-08,7
BOL202600115,CTR-1010,Maersk,VNSGN (Cat Lai),CNSHA (Shanghai),40HC,2026-03-28,11
BOL202600116,CTR-1111,Evergreen,VNSGN (Cat Lai),USLAX (Los Angeles),20DC,2026-06-23,13
BOL202600117,CTR-1091,ONE,VNDNG (Da Nang),DEHAM (Hamburg),20DC,2026-04-14,12
BOL202600118,CTR-1160,Hapag-Lloyd,VNSGN (Cat Lai),USLAX (Los Angeles),40HC,2026-02-12,14
BOL202600119,CTR-1124,MSC,VNHPH (Hai Phong),DEHAM (Hamburg),40HC,2026-04-30,15
BOL202600120,CTR-1057,COSCO,VNSGN (Cat Lai),CNSHA (Shanghai),20DC,2026-02-02,10
BOL202600121,CTR-1146,Hapag-Lloyd,VNHPH (Hai Phong),CNSHA (Shanghai),40HC,2026-05-17,1
BOL202600122,CTR-1109,Evergreen,VNSGN (Cat Lai),NLRTM (Rotterdam),20DC,2026-04-11,10
BOL202600123,CTR-1096,ONE,VNDNG (Da Nang),USLAX (Los Angeles),40HC,2026-05-25,11
BOL202600124,CTR-1121,MSC,VNHPH (Hai Phong),CNSHA (Shanghai),20DC,2026-01-07,2
BOL202600125,CTR-1030,CMA CGM,VNHPH (Hai Phong),NLRTM (Rotterdam),40HC,2026-06-14,7
BOL202600126,CTR-1087,ONE,VNSGN (Cat Lai),USLAX (Los Angeles),20DC,2026-02-04,14
BOL202600127,CTR-1083,ONE,VNSGN (Cat Lai),DEHAM (Hamburg),20DC,2026-04-29,3
BOL202600128,CTR-1154,Hapag-Lloyd,VNSGN (Cat Lai),CNSHA (Shanghai),40HC,2026-01-13,5
BOL202600129,CTR-1120,Evergreen,VNDNG (Da Nang),USLAX (Los Angeles),40HC,2026-04-08,6
BOL202600130,CTR-1020,Maersk,VNDNG (Da Nang),DEHAM (Hamburg),40HC,2026-02-24,8
BOL202600131,CTR-1078,ONE,VNHPH (Hai Phong),NLRTM (Rotterdam),40HC,2026-03-25,6
BOL202600132,CTR-1019,Maersk,VNDNG (Da Nang),DEHAM (Hamburg),20DC,2026-04-08,5
BOL202600133,CTR-1052,COSCO,VNHPH (Hai Phong),DEHAM (Hamburg),40HC,2026-04-18,5
BOL202600134,CTR-1001,Maersk,VNHPH (Hai Phong),CNSHA (Shanghai),20DC,2026-01-21,8
BOL202600135,CTR-1068,COSCO,VNDNG (Da Nang),DEHAM (Hamburg),40HC,2026-01-05,12
BOL202600136,CTR-1078,ONE,VNHPH (Hai Phong),NLRTM (Rotterdam),40HC,2026-05-19,1
BOL202600137,CTR-1150,Hapag-Lloyd,VNHPH (Hai Phong),NLRTM (Rotterdam),40HC,2026-03-31,4
BOL202600138,CTR-1068,COSCO,VNDNG (Da Nang),DEHAM (Hamburg),40HC,2026-06-16,2
BOL202600139,CTR-1114,Evergreen,VNDNG (Da Nang),CNSHA (Shanghai),40HC,2026-06-16,1
BOL202600140,CTR-1048,CMA CGM,VNDNG (Da Nang),USLAX (Los Angeles),40HC,2026-01-08,4
BOL202600141,CTR-1087,ONE,VNSGN (Cat Lai),USLAX (Los Angeles),20DC,2026-02-21,14
BOL202600142,CTR-1119,Evergreen,VNDNG (Da Nang),USLAX (Los Angeles),20DC,2026-01-06,10
BOL202600143,CTR-1140,MSC,VNDNG (Da Nang),DEHAM (Hamburg),40HC,2026-02-09,4
BOL202600144,CTR-1071,COSCO,VNDNG (Da Nang),USLAX (Los Angeles),20DC,2026-02-02,8
BOL202600145,CTR-1126,MSC,VNHPH (Hai Phong),NLRTM (Rotterdam),40HC,2026-06-21,2
BOL202600146,CTR-1067,COSCO,VNDNG (Da Nang),DEHAM (Hamburg),20DC,2026-05-25,4
BOL202600147,CTR-1125,MSC,VNHPH (Hai Phong),NLRTM (Rotterdam),20DC,2026-04-30,12
BOL202600148,CTR-1140,MSC,VNDNG (Da Nang),DEHAM (Hamburg),40HC,2026-03-07,13
BOL202600149,CTR-1061,COSCO,VNSGN (Cat Lai),NLRTM (Rotterdam),20DC,2026-04-05,3
BOL202600150,CTR-1039,CMA CGM,VNSGN (Cat Lai),USLAX (Los Angeles),20DC,2026-06-05,10
BOL202600151,CTR-1015,Maersk,VNSGN (Cat Lai),USLAX (Los Angeles),20DC,2026-01-30,13
BOL202600152,CTR-1044,CMA CGM,VNDNG (Da Nang),DEHAM (Hamburg),40HC,2026-02-11,5
BOL202600153,CTR-1062,COSCO,VNSGN (Cat Lai),NLRTM (Rotterdam),40HC,2026-01-28,10
BOL202600154,CTR-1108,Evergreen,VNSGN (Cat Lai),DEHAM (Hamburg),40HC,2026-01-07,15
BOL202600155,CTR-1111,Evergreen,VNSGN (Cat Lai),USLAX (Los Angeles),20DC,2026-03-21,10
BOL202600156,CTR-1163,Hapag-Lloyd,VNDNG (Da Nang),DEHAM (Hamburg),20DC,2026-06-23,15
BOL202600157,CTR-1148,Hapag-Lloyd,VNHPH (Hai Phong),DEHAM (Hamburg),40HC,2026-04-07,7
BOL202600158,CTR-1166,Hapag-Lloyd,VNDNG (Da Nang),NLRTM (Rotterdam),40HC,2026-02-20,2
BOL202600159,CTR-1130,MSC,VNSGN (Cat Lai),CNSHA (Shanghai),40HC,2026-06-01,12
BOL202600160,CTR-1140,MSC,VNDNG (Da Nang),DEHAM (Hamburg),40HC,2026-06-10,4
BOL202600161,CTR-1083,ONE,VNSGN (Cat Lai),DEHAM (Hamburg),20DC,2026-01-27,12
BOL202600162,CTR-1072,COSCO,VNDNG (Da Nang),USLAX (Los Angeles),40HC,2026-03-19,14
BOL202600163,CTR-1068,COSCO,VNDNG (Da Nang),DEHAM (Hamburg),40HC,2026-06-25,10
BOL202600164,CTR-1162,Hapag-Lloyd,VNDNG (Da Nang),CNSHA (Shanghai),40HC,2026-01-31,13
BOL202600165,CTR-1144,MSC,VNDNG (Da Nang),USLAX (Los Angeles),40HC,2026-05-25,13
BOL202600166,CTR-1066,COSCO,VNDNG (Da Nang),CNSHA (Shanghai),40HC,2026-01-11,6
BOL202600167,CTR-1121,MSC,VNHPH (Hai Phong),CNSHA (Shanghai),20DC,2026-05-17,7
BOL202600168,CTR-1003,Maersk,VNHPH (Hai Phong),DEHAM (Hamburg),20DC,2026-06-19,6
BOL202600169,CTR-1092,ONE,VNDNG (Da Nang),DEHAM (Hamburg),40HC,2026-01-18,9
BOL202600170,CTR-1143,MSC,VNDNG (Da Nang),USLAX (Los Angeles),20DC,2026-06-15,6
BOL202600171,CTR-1038,CMA CGM,VNSGN (Cat Lai),NLRTM (Rotterdam),40HC,2026-01-04,14
BOL202600172,CTR-1137,MSC,VNDNG (Da Nang),CNSHA (Shanghai),20DC,2026-04-18,14
BOL202600173,CTR-1005,Maersk,VNHPH (Hai Phong),NLRTM (Rotterdam),20DC,2026-05-06,2
BOL202600174,CTR-1036,CMA CGM,VNSGN (Cat Lai),DEHAM (Hamburg),40HC,2026-04-21,6
BOL202600175,CTR-1077,ONE,VNHPH (Hai Phong),NLRTM (Rotterdam),20DC,2026-06-12,15
BOL202600176,CTR-1073,ONE,VNHPH (Hai Phong),CNSHA (Shanghai),20DC,2026-04-28,12
BOL202600177,CTR-1102,Evergreen,VNHPH (Hai Phong),NLRTM (Rotterdam),40HC,2026-02-09,7
BOL202600178,CTR-1123,MSC,VNHPH (Hai Phong),DEHAM (Hamburg),20DC,2026-02-15,12
BOL202600179,CTR-1049,COSCO,VNHPH (Hai Phong),CNSHA (Shanghai),20DC,2026-05-14,11
BOL202600180,CTR-1147,Hapag-Lloyd,VNHPH (Hai Phong),DEHAM (Hamburg),20DC,2026-03-11,10
BOL202600181,CTR-1024,Maersk,VNDNG (Da Nang),USLAX (Los Angeles),40HC,2026-05-18,13
BOL202600182,CTR-1053,COSCO,VNHPH (Hai Phong),NLRTM (Rotterdam),20DC,2026-05-04,8
BOL202600183,CTR-1128,MSC,VNHPH (Hai Phong),USLAX (Los Angeles),40HC,2026-04-22,14
BOL202600184,CTR-1130,MSC,VNSGN (Cat Lai),CNSHA (Shanghai),40HC,2026-06-01,5
BOL202600185,CTR-1003,Maersk,VNHPH (Hai Phong),DEHAM (Hamburg),20DC,2026-03-24,14
BOL202600186,CTR-1012,Maersk,VNSGN (Cat Lai),DEHAM (Hamburg),40HC,2026-03-04,14
BOL202600187,CTR-1107,Evergreen,VNSGN (Cat Lai),DEHAM (Hamburg),20DC,2026-01-23,5
BOL202600188,CTR-1151,Hapag-Lloyd,VNHPH (Hai Phong),USLAX (Los Angeles),20DC,2026-04-26,4
BOL202600189,CTR-1025,CMA CGM,VNHPH (Hai Phong),CNSHA (Shanghai),20DC,2026-04-29,10
BOL202600190,CTR-1002,Maersk,VNHPH (Hai Phong),CNSHA (Shanghai),40HC,2026-06-06,11
BOL202600191,CTR-1063,COSCO,VNSGN (Cat Lai),USLAX (Los Angeles),20DC,2026-04-08,6
BOL202600192,CTR-1042,CMA CGM,VNDNG (Da Nang),CNSHA (Shanghai),40HC,2026-01-08,8
BOL202600193,CTR-1003,Maersk,VNHPH (Hai Phong),DEHAM (Hamburg),20DC,2026-03-25,3
BOL202600194,CTR-1055,COSCO,VNHPH (Hai Phong),USLAX (Los Angeles),20DC,2026-05-05,4
BOL202600195,CTR-1141,MSC,VNDNG (Da Nang),NLRTM (Rotterdam),20DC,2026-04-01,13
BOL202600196,CTR-1035,CMA CGM,VNSGN (Cat Lai),DEHAM (Hamburg),20DC,2026-03-08,6
BOL202600197,CTR-1043,CMA CGM,VNDNG (Da Nang),DEHAM (Hamburg),20DC,2026-03-13,15
BOL202600198,CTR-1125,MSC,VNHPH (Hai Phong),NLRTM (Rotterdam),20DC,2026-06-02,12
BOL202600199,CTR-1144,MSC,VNDNG (Da Nang),USLAX (Los Angeles),40HC,2026-03-12,9
BOL202600200,CTR-1096,ONE,VNDNG (Da Nang),USLAX (Los Angeles),40HC,2026-01-03,9
BOL202600201,CTR-1127,MSC,VNHPH (Hai Phong),USLAX (Los Angeles),20DC,2026-02-18,2
BOL202600202,CTR-1142,MSC,VNDNG (Da Nang),NLRTM (Rotterdam),40HC,2026-03-03,12
BOL202600203,CTR-1164,Hapag-Lloyd,VNDNG (Da Nang),DEHAM (Hamburg),40HC,2026-04-15,8
BOL202600204,CTR-1058,COSCO,VNSGN (Cat Lai),CNSHA (Shanghai),40HC,2026-05-23,13
BOL202600205,CTR-1013,Maersk,VNSGN (Cat Lai),NLRTM (Rotterdam),20DC,2026-03-03,12
BOL202600206,CTR-1034,CMA CGM,VNSGN (Cat Lai),CNSHA (Shanghai),40HC,2026-05-02,11
BOL202600207,CTR-1073,ONE,VNHPH (Hai Phong),CNSHA (Shanghai),20DC,2026-05-06,8
BOL202600208,CTR-1131,MSC,VNSGN (Cat Lai),DEHAM (Hamburg),20DC,2026-01-05,2
BOL202600209,CTR-1005,Maersk,VNHPH (Hai Phong),NLRTM (Rotterdam),20DC,2026-03-17,4
BOL202600210,CTR-1099,Evergreen,VNHPH (Hai Phong),DEHAM (Hamburg),20DC,2026-04-14,12
BOL202600211,CTR-1004,Maersk,VNHPH (Hai Phong),DEHAM (Hamburg),40HC,2026-03-04,5
BOL202600212,CTR-1016,Maersk,VNSGN (Cat Lai),USLAX (Los Angeles),40HC,2026-06-19,10
BOL202600213,CTR-1006,Maersk,VNHPH (Hai Phong),NLRTM (Rotterdam),40HC,2026-04-05,8
BOL202600214,CTR-1083,ONE,VNSGN (Cat Lai),DEHAM (Hamburg),20DC,2026-05-22,9
BOL202600215,CTR-1110,Evergreen,VNSGN (Cat Lai),NLRTM (Rotterdam),40HC,2026-03-30,7
BOL202600216,CTR-1143,MSC,VNDNG (Da Nang),USLAX (Los Angeles),20DC,2026-05-21,6
BOL202600217,CTR-1055,COSCO,VNHPH (Hai Phong),USLAX (Los Angeles),20DC,2026-04-01,12
BOL202600218,CTR-1141,MSC,VNDNG (Da Nang),NLRTM (Rotterdam),20DC,2026-04-27,5
BOL202600219,CTR-1096,ONE,VNDNG (Da Nang),USLAX (Los Angeles),40HC,2026-03-20,5
BOL202600220,CTR-1154,Hapag-Lloyd,VNSGN (Cat Lai),CNSHA (Shanghai),40HC,2026-03-01,2
BOL202600221,CTR-1124,MSC,VNHPH (Hai Phong),DEHAM (Hamburg),40HC,2026-02-19,6
BOL202600222,CTR-1149,Hapag-Lloyd,VNHPH (Hai Phong),NLRTM (Rotterdam),20DC,2026-01-31,12
BOL202600223,CTR-1103,Evergreen,VNHPH (Hai Phong),USLAX (Los Angeles),20DC,2026-05-18,13
BOL202600224,CTR-1149,Hapag-Lloyd,VNHPH (Hai Phong),NLRTM (Rotterdam),20DC,2026-06-26,3
BOL202600225,CTR-1154,Hapag-Lloyd,VNSGN (Cat Lai),CNSHA (Shanghai),40HC,2026-02-19,4
BOL202600226,CTR-1155,Hapag-Lloyd,VNSGN (Cat Lai),DEHAM (Hamburg),20DC,2026-05-04,5
BOL202600227,CTR-1077,ONE,VNHPH (Hai Phong),NLRTM (Rotterdam),20DC,2026-05-31,13
BOL202600228,CTR-1046,CMA CGM,VNDNG (Da Nang),NLRTM (Rotterdam),40HC,2026-05-15,10
BOL202600229,CTR-1098,Evergreen,VNHPH (Hai Phong),CNSHA (Shanghai),40HC,2026-03-14,2
BOL202600230,CTR-1002,Maersk,VNHPH (Hai Phong),CNSHA (Shanghai),40HC,2026-02-19,5
BOL202600231,CTR-1151,Hapag-Lloyd,VNHPH (Hai Phong),USLAX (Los Angeles),20DC,2026-02-28,6
BOL202600232,CTR-1130,MSC,VNSGN (Cat Lai),CNSHA (Shanghai),40HC,2026-02-15,5
BOL202600233,CTR-1043,CMA CGM,VNDNG (Da Nang),DEHAM (Hamburg),20DC,2026-01-04,12
BOL202600234,CTR-1095,ONE,VNDNG (Da Nang),USLAX (Los Angeles),20DC,2026-05-17,3
BOL202600235,CTR-1057,COSCO,VNSGN (Cat Lai),CNSHA (Shanghai),20DC,2026-03-12,1
BOL202600236,CTR-1098,Evergreen,VNHPH (Hai Phong),CNSHA (Shanghai),40HC,2026-01-14,9
BOL202600237,CTR-1029,CMA CGM,VNHPH (Hai Phong),NLRTM (Rotterdam),20DC,2026-03-16,12
BOL202600238,CTR-1024,Maersk,VNDNG (Da Nang),USLAX (Los Angeles),40HC,2026-02-02,11
BOL202600239,CTR-1132,MSC,VNSGN (Cat Lai),DEHAM (Hamburg),40HC,2026-05-06,2
BOL202600240,CTR-1045,CMA CGM,VNDNG (Da Nang),NLRTM (Rotterdam),20DC,2026-01-04,10
BOL202600241,CTR-1122,MSC,VNHPH (Hai Phong),CNSHA (Shanghai),40HC,2026-03-14,8
BOL202600242,CTR-1125,MSC,VNHPH (Hai Phong),NLRTM (Rotterdam),20DC,2026-05-03,8
BOL202600243,CTR-1025,CMA CGM,VNHPH (Hai Phong),CNSHA (Shanghai),20DC,2026-03-29,3
BOL202600244,CTR-1129,MSC,VNSGN (Cat Lai),CNSHA (Shanghai),20DC,2026-01-14,5
BOL202600245,CTR-1151,Hapag-Lloyd,VNHPH (Hai Phong),USLAX (Los Angeles),20DC,2026-05-03,2
BOL202600246,CTR-1114,Evergreen,VNDNG (Da Nang),CNSHA (Shanghai),40HC,2026-01-17,7
BOL202600247,CTR-1015,Maersk,VNSGN (Cat Lai),USLAX (Los Angeles),20DC,2026-05-06,2
BOL202600248,CTR-1033,CMA CGM,VNSGN (Cat Lai),CNSHA (Shanghai),20DC,2026-05-28,11
BOL202600249,CTR-1127,MSC,VNHPH (Hai Phong),USLAX (Los Angeles),20DC,2026-06-25,1
BOL202600250,CTR-1034,CMA CGM,VNSGN (Cat Lai),CNSHA (Shanghai),40HC,2026-02-08,3
BOL202600251,CTR-1114,Evergreen,VNDNG (Da Nang),CNSHA (Shanghai),40HC,2026-05-25,5
BOL202600252,CTR-1013,Maersk,VNSGN (Cat Lai),NLRTM (Rotterdam),20DC,2026-01-22,4
BOL202600253,CTR-1046,CMA CGM,VNDNG (Da Nang),NLRTM (Rotterdam),40HC,2026-01-31,9
BOL202600254,CTR-1120,Evergreen,VNDNG (Da Nang),USLAX (Los Angeles),40HC,2026-04-17,10
BOL202600255,CTR-1063,COSCO,VNSGN (Cat Lai),USLAX (Los Angeles),20DC,2026-06-02,13
BOL202600256,CTR-1035,CMA CGM,VNSGN (Cat Lai),DEHAM (Hamburg),20DC,2026-06-08,4
BOL202600257,CTR-1155,Hapag-Lloyd,VNSGN (Cat Lai),DEHAM (Hamburg),20DC,2026-05-14,7
BOL202600258,CTR-1020,Maersk,VNDNG (Da Nang),DEHAM (Hamburg),40HC,2026-04-26,15
BOL202600259,CTR-1052,COSCO,VNHPH (Hai Phong),DEHAM (Hamburg),40HC,2026-04-24,5
BOL202600260,CTR-1092,ONE,VNDNG (Da Nang),DEHAM (Hamburg),40HC,2026-05-31,7
BOL202600261,CTR-1002,Maersk,VNHPH (Hai Phong),CNSHA (Shanghai),40HC,2026-03-20,10
BOL202600262,CTR-1034,CMA CGM,VNSGN (Cat Lai),CNSHA (Shanghai),40HC,2026-06-08,1
BOL202600263,CTR-1111,Evergreen,VNSGN (Cat Lai),USLAX (Los Angeles),20DC,2026-06-06,12
BOL202600264,CTR-1125,MSC,VNHPH (Hai Phong),NLRTM (Rotterdam),20DC,2026-01-26,13
BOL202600265,CTR-1028,CMA CGM,VNHPH (Hai Phong),DEHAM (Hamburg),40HC,2026-02-23,11
BOL202600266,CTR-1031,CMA CGM,VNHPH (Hai Phong),USLAX (Los Angeles),20DC,2026-02-24,5
BOL202600267,CTR-1089,ONE,VNDNG (Da Nang),CNSHA (Shanghai),20DC,2026-06-19,2
BOL202600268,CTR-1056,COSCO,VNHPH (Hai Phong),USLAX (Los Angeles),40HC,2026-02-10,4
BOL202600269,CTR-1113,Evergreen,VNDNG (Da Nang),CNSHA (Shanghai),20DC,2026-02-14,9
BOL202600270,CTR-1056,COSCO,VNHPH (Hai Phong),USLAX (Los Angeles),40HC,2026-01-20,3
BOL202600271,CTR-1054,COSCO,VNHPH (Hai Phong),NLRTM (Rotterdam),40HC,2026-01-01,7
BOL202600272,CTR-1122,MSC,VNHPH (Hai Phong),CNSHA (Shanghai),40HC,2026-04-26,12
BOL202600273,CTR-1080,ONE,VNHPH (Hai Phong),USLAX (Los Angeles),40HC,2026-06-02,8
BOL202600274,CTR-1067,COSCO,VNDNG (Da Nang),DEHAM (Hamburg),20DC,2026-03-16,1
BOL202600275,CTR-1049,COSCO,VNHPH (Hai Phong),CNSHA (Shanghai),20DC,2026-03-01,5
BOL202600276,CTR-1140,MSC,VNDNG (Da Nang),DEHAM (Hamburg),40HC,2026-06-30,5
BOL202600277,CTR-1105,Evergreen,VNSGN (Cat Lai),CNSHA (Shanghai),20DC,2026-06-29,14
BOL202600278,CTR-1005,Maersk,VNHPH (Hai Phong),NLRTM (Rotterdam),20DC,2026-04-27,2
BOL202600279,CTR-1068,COSCO,VNDNG (Da Nang),DEHAM (Hamburg),40HC,2026-06-25,4
BOL202600280,CTR-1004,Maersk,VNHPH (Hai Phong),DEHAM (Hamburg),40HC,2026-03-09,13
BOL202600281,CTR-1161,Hapag-Lloyd,VNDNG (Da Nang),CNSHA (Shanghai),20DC,2026-06-10,10
BOL202600282,CTR-1077,ONE,VNHPH (Hai Phong),NLRTM (Rotterdam),20DC,2026-06-19,13
BOL202600283,CTR-1123,MSC,VNHPH (Hai Phong),DEHAM (Hamburg),20DC,2026-02-20,7
BOL202600284,CTR-1005,Maersk,VNHPH (Hai Phong),NLRTM (Rotterdam),20DC,2026-01-30,9
BOL202600285,CTR-1159,Hapag-Lloyd,VNSGN (Cat Lai),USLAX (Los Angeles),20DC,2026-02-27,11
BOL202600286,CTR-1129,MSC,VNSGN (Cat Lai),CNSHA (Shanghai),20DC,2026-02-08,15
BOL202600287,CTR-1095,ONE,VNDNG (Da Nang),USLAX (Los Angeles),20DC,2026-03-10,14
BOL202600288,CTR-1035,CMA CGM,VNSGN (Cat Lai),DEHAM (Hamburg),20DC,2026-02-06,2
BOL202600289,CTR-1162,Hapag-Lloyd,VNDNG (Da Nang),CNSHA (Shanghai),40HC,2026-01-16,3
BOL202600290,CTR-1061,COSCO,VNSGN (Cat Lai),NLRTM (Rotterdam),20DC,2026-03-20,10
BOL202600291,CTR-1075,ONE,VNHPH (Hai Phong),DEHAM (Hamburg),20DC,2026-05-26,15
BOL202600292,CTR-1163,Hapag-Lloyd,VNDNG (Da Nang),DEHAM (Hamburg),20DC,2026-03-15,8
BOL202600293,CTR-1020,Maersk,VNDNG (Da Nang),DEHAM (Hamburg),40HC,2026-02-01,8
BOL202600294,CTR-1157,Hapag-Lloyd,VNSGN (Cat Lai),NLRTM (Rotterdam),20DC,2026-06-26,5
BOL202600295,CTR-1108,Evergreen,VNSGN (Cat Lai),DEHAM (Hamburg),40HC,2026-06-29,7
BOL202600296,CTR-1101,Evergreen,VNHPH (Hai Phong),NLRTM (Rotterdam),20DC,2026-03-11,9
BOL202600297,CTR-1028,CMA CGM,VNHPH (Hai Phong),DEHAM (Hamburg),40HC,2026-05-19,8
BOL202600298,CTR-1016,Maersk,VNSGN (Cat Lai),USLAX (Los Angeles),40HC,2026-04-23,2
BOL202600299,CTR-1083,ONE,VNSGN (Cat Lai),DEHAM (Hamburg),20DC,2026-06-03,1
BOL202600300,CTR-1110,Evergreen,VNSGN (Cat Lai),NLRTM (Rotterdam),40HC,2026-04-21,12
BOL202600301,CTR-1071,COSCO,VNDNG (Da Nang),USLAX (Los Angeles),20DC,2026-03-24,10
BOL202600302,CTR-1041,CMA CGM,VNDNG (Da Nang),CNSHA (Shanghai),20DC,2026-03-06,1
BOL202600303,CTR-1131,MSC,VNSGN (Cat Lai),DEHAM (Hamburg),20DC,2026-01-24,4
BOL202600304,CTR-1137,MSC,VNDNG (Da Nang),CNSHA (Shanghai),20DC,2026-06-22,14
BOL202600305,CTR-1011,Maersk,VNSGN (Cat Lai),DEHAM (Hamburg),20DC,2026-05-28,10
BOL202600306,CTR-1121,MSC,VNHPH (Hai Phong),CNSHA (Shanghai),20DC,2026-01-06,13
BOL202600307,CTR-1092,ONE,VNDNG (Da Nang),DEHAM (Hamburg),40HC,2026-06-22,14
BOL202600308,CTR-1085,ONE,VNSGN (Cat Lai),NLRTM (Rotterdam),20DC,2026-03-10,10
BOL202600309,CTR-1049,COSCO,VNHPH (Hai Phong),CNSHA (Shanghai),20DC,2026-01-11,13
BOL202600310,CTR-1046,CMA CGM,VNDNG (Da Nang),NLRTM (Rotterdam),40HC,2026-02-14,8
BOL202600311,CTR-1074,ONE,VNHPH (Hai Phong),CNSHA (Shanghai),40HC,2026-05-13,11
BOL202600312,CTR-1046,CMA CGM,VNDNG (Da Nang),NLRTM (Rotterdam),40HC,2026-04-24,15
BOL202600313,CTR-1046,CMA CGM,VNDNG (Da Nang),NLRTM (Rotterdam),40HC,2026-03-13,3
BOL202600314,CTR-1163,Hapag-Lloyd,VNDNG (Da Nang),DEHAM (Hamburg),20DC,2026-05-30,7
BOL202600315,CTR-1084,ONE,VNSGN (Cat Lai),DEHAM (Hamburg),40HC,2026-06-12,14
BOL202600316,CTR-1075,ONE,VNHPH (Hai Phong),DEHAM (Hamburg),20DC,2026-05-06,2
BOL202600317,CTR-1021,Maersk,VNDNG (Da Nang),NLRTM (Rotterdam),20DC,2026-05-01,6
BOL202600318,CTR-1031,CMA CGM,VNHPH (Hai Phong),USLAX (Los Angeles),20DC,2026-04-15,6
BOL202600319,CTR-1107,Evergreen,VNSGN (Cat Lai),DEHAM (Hamburg),20DC,2026-03-24,11
BOL202600320,CTR-1022,Maersk,VNDNG (Da Nang),NLRTM (Rotterdam),40HC,2026-01-27,14
BOL202600321,CTR-1006,Maersk,VNHPH (Hai Phong),NLRTM (Rotterdam),40HC,2026-02-11,6
BOL202600322,CTR-1144,MSC,VNDNG (Da Nang),USLAX (Los Angeles),40HC,2026-04-16,12
BOL202600323,CTR-1004,Maersk,VNHPH (Hai Phong),DEHAM (Hamburg),40HC,2026-05-07,5
BOL202600324,CTR-1117,Evergreen,VNDNG (Da Nang),NLRTM (Rotterdam),20DC,2026-06-19,7
BOL202600325,CTR-1150,Hapag-Lloyd,VNHPH (Hai Phong),NLRTM (Rotterdam),40HC,2026-05-21,1
BOL202600326,CTR-1103,Evergreen,VNHPH (Hai Phong),USLAX (Los Angeles),20DC,2026-04-27,2
BOL202600327,CTR-1150,Hapag-Lloyd,VNHPH (Hai Phong),NLRTM (Rotterdam),40HC,2026-03-22,5
BOL202600328,CTR-1143,MSC,VNDNG (Da Nang),USLAX (Los Angeles),20DC,2026-03-24,2
BOL202600329,CTR-1160,Hapag-Lloyd,VNSGN (Cat Lai),USLAX (Los Angeles),40HC,2026-04-14,14
BOL202600330,CTR-1106,Evergreen,VNSGN (Cat Lai),CNSHA (Shanghai),40HC,2026-05-12,14
BOL202600331,CTR-1005,Maersk,VNHPH (Hai Phong),NLRTM (Rotterdam),20DC,2026-01-01,11
BOL202600332,CTR-1149,Hapag-Lloyd,VNHPH (Hai Phong),NLRTM (Rotterdam),20DC,2026-05-19,8
BOL202600333,CTR-1111,Evergreen,VNSGN (Cat Lai),USLAX (Los Angeles),20DC,2026-04-16,1
BOL202600334,CTR-1029,CMA CGM,VNHPH (Hai Phong),NLRTM (Rotterdam),20DC,2026-02-18,9
BOL202600335,CTR-1026,CMA CGM,VNHPH (Hai Phong),CNSHA (Shanghai),40HC,2026-04-03,10
BOL202600336,CTR-1150,Hapag-Lloyd,VNHPH (Hai Phong),NLRTM (Rotterdam),40HC,2026-05-08,11
BOL202600337,CTR-1082,ONE,VNSGN (Cat Lai),CNSHA (Shanghai),40HC,2026-04-24,13
BOL202600338,CTR-1149,Hapag-Lloyd,VNHPH (Hai Phong),NLRTM (Rotterdam),20DC,2026-01-14,4
BOL202600339,CTR-1070,COSCO,VNDNG (Da Nang),NLRTM (Rotterdam),40HC,2026-03-10,9
BOL202600340,CTR-1036,CMA CGM,VNSGN (Cat Lai),DEHAM (Hamburg),40HC,2026-02-03,15
BOL202600341,CTR-1014,Maersk,VNSGN (Cat Lai),NLRTM (Rotterdam),40HC,2026-03-15,8
BOL202600342,CTR-1157,Hapag-Lloyd,VNSGN (Cat Lai),NLRTM (Rotterdam),20DC,2026-06-28,8
BOL202600343,CTR-1155,Hapag-Lloyd,VNSGN (Cat Lai),DEHAM (Hamburg),20DC,2026-02-01,1
BOL202600344,CTR-1134,MSC,VNSGN (Cat Lai),NLRTM (Rotterdam),40HC,2026-06-11,10
BOL202600345,CTR-1083,ONE,VNSGN (Cat Lai),DEHAM (Hamburg),20DC,2026-03-03,12
BOL202600346,CTR-1125,MSC,VNHPH (Hai Phong),NLRTM (Rotterdam),20DC,2026-02-10,5
BOL202600347,CTR-1079,ONE,VNHPH (Hai Phong),USLAX (Los Angeles),20DC,2026-05-22,1
BOL202600348,CTR-1155,Hapag-Lloyd,VNSGN (Cat Lai),DEHAM (Hamburg),20DC,2026-05-22,7
BOL202600349,CTR-1148,Hapag-Lloyd,VNHPH (Hai Phong),DEHAM (Hamburg),40HC,2026-01-24,4
BOL202600350,CTR-1054,COSCO,VNHPH (Hai Phong),NLRTM (Rotterdam),40HC,2026-01-30,8
BOL202600351,CTR-1068,COSCO,VNDNG (Da Nang),DEHAM (Hamburg),40HC,2026-01-31,11
BOL202600352,CTR-1035,CMA CGM,VNSGN (Cat Lai),DEHAM (Hamburg),20DC,2026-02-09,8
BOL202600353,CTR-1146,Hapag-Lloyd,VNHPH (Hai Phong),CNSHA (Shanghai),40HC,2026-03-16,9
BOL202600354,CTR-1094,ONE,VNDNG (Da Nang),NLRTM (Rotterdam),40HC,2026-06-30,5
BOL202600355,CTR-1059,COSCO,VNSGN (Cat Lai),DEHAM (Hamburg),20DC,2026-04-17,14
BOL202600356,CTR-1047,CMA CGM,VNDNG (Da Nang),USLAX (Los Angeles),20DC,2026-05-04,8
BOL202600357,CTR-1009,Maersk,VNSGN (Cat Lai),CNSHA (Shanghai),20DC,2026-03-04,8
BOL202600358,CTR-1024,Maersk,VNDNG (Da Nang),USLAX (Los Angeles),40HC,2026-05-22,3
BOL202600359,CTR-1019,Maersk,VNDNG (Da Nang),DEHAM (Hamburg),20DC,2026-04-09,4
BOL202600360,CTR-1054,COSCO,VNHPH (Hai Phong),NLRTM (Rotterdam),40HC,2026-06-03,9
BOL202600361,CTR-1164,Hapag-Lloyd,VNDNG (Da Nang),DEHAM (Hamburg),40HC,2026-02-04,14
BOL202600362,CTR-1007,Maersk,VNHPH (Hai Phong),USLAX (Los Angeles),20DC,2026-01-18,5
BOL202600363,CTR-1120,Evergreen,VNDNG (Da Nang),USLAX (Los Angeles),40HC,2026-04-17,6
BOL202600364,CTR-1010,Maersk,VNSGN (Cat Lai),CNSHA (Shanghai),40HC,2026-05-10,5
BOL202600365,CTR-1034,CMA CGM,VNSGN (Cat Lai),CNSHA (Shanghai),40HC,2026-01-01,5
BOL202600366,CTR-1159,Hapag-Lloyd,VNSGN (Cat Lai),USLAX (Los Angeles),20DC,2026-03-18,14
BOL202600367,CTR-1065,COSCO,VNDNG (Da Nang),CNSHA (Shanghai),20DC,2026-05-31,10
BOL202600368,CTR-1149,Hapag-Lloyd,VNHPH (Hai Phong),NLRTM (Rotterdam),20DC,2026-06-18,8
BOL202600369,CTR-1125,MSC,VNHPH (Hai Phong),NLRTM (Rotterdam),20DC,2026-02-08,8
BOL202600370,CTR-1043,CMA CGM,VNDNG (Da Nang),DEHAM (Hamburg),20DC,2026-05-18,8
BOL202600371,CTR-1150,Hapag-Lloyd,VNHPH (Hai Phong),NLRTM (Rotterdam),40HC,2026-03-30,6
BOL202600372,CTR-1106,Evergreen,VNSGN (Cat Lai),CNSHA (Shanghai),40HC,2026-05-22,13
BOL202600373,CTR-1117,Evergreen,VNDNG (Da Nang),NLRTM (Rotterdam),20DC,2026-05-20,7
BOL202600374,CTR-1155,Hapag-Lloyd,VNSGN (Cat Lai),DEHAM (Hamburg),20DC,2026-04-27,15
BOL202600375,CTR-1094,ONE,VNDNG (Da Nang),NLRTM (Rotterdam),40HC,2026-03-24,14
BOL202600376,CTR-1111,Evergreen,VNSGN (Cat Lai),USLAX (Los Angeles),20DC,2026-02-18,12
BOL202600377,CTR-1146,Hapag-Lloyd,VNHPH (Hai Phong),CNSHA (Shanghai),40HC,2026-03-03,10
BOL202600378,CTR-1136,MSC,VNSGN (Cat Lai),USLAX (Los Angeles),40HC,2026-04-09,4
BOL202600379,CTR-1161,Hapag-Lloyd,VNDNG (Da Nang),CNSHA (Shanghai),20DC,2026-04-16,1
BOL202600380,CTR-1121,MSC,VNHPH (Hai Phong),CNSHA (Shanghai),20DC,2026-03-23,12
BOL202600381,CTR-1139,MSC,VNDNG (Da Nang),DEHAM (Hamburg),20DC,2026-05-02,12
BOL202600382,CTR-1055,COSCO,VNHPH (Hai Phong),USLAX (Los Angeles),20DC,2026-04-08,7
BOL202600383,CTR-1142,MSC,VNDNG (Da Nang),NLRTM (Rotterdam),40HC,2026-06-19,13
BOL202600384,CTR-1008,Maersk,VNHPH (Hai Phong),USLAX (Los Angeles),40HC,2026-06-16,3
BOL202600385,CTR-1146,Hapag-Lloyd,VNHPH (Hai Phong),CNSHA (Shanghai),40HC,2026-05-07,1
BOL202600386,CTR-1090,ONE,VNDNG (Da Nang),CNSHA (Shanghai),40HC,2026-02-02,9
BOL202600387,CTR-1007,Maersk,VNHPH (Hai Phong),USLAX (Los Angeles),20DC,2026-06-01,6
BOL202600388,CTR-1062,COSCO,VNSGN (Cat Lai),NLRTM (Rotterdam),40HC,2026-01-26,14
BOL202600389,CTR-1043,CMA CGM,VNDNG (Da Nang),DEHAM (Hamburg),20DC,2026-04-23,2
BOL202600390,CTR-1152,Hapag-Lloyd,VNHPH (Hai Phong),USLAX (Los Angeles),40HC,2026-05-15,15
BOL202600391,CTR-1064,COSCO,VNSGN (Cat Lai),USLAX (Los Angeles),40HC,2026-04-27,1
BOL202600392,CTR-1052,COSCO,VNHPH (Hai Phong),DEHAM (Hamburg),40HC,2026-02-06,7
BOL202600393,CTR-1087,ONE,VNSGN (Cat Lai),USLAX (Los Angeles),20DC,2026-06-17,3
BOL202600394,CTR-1065,COSCO,VNDNG (Da Nang),CNSHA (Shanghai),20DC,2026-01-20,8
BOL202600395,CTR-1061,COSCO,VNSGN (Cat Lai),NLRTM (Rotterdam),20DC,2026-03-09,6
BOL202600396,CTR-1104,Evergreen,VNHPH (Hai Phong),USLAX (Los Angeles),40HC,2026-06-09,12
BOL202600397,CTR-1044,CMA CGM,VNDNG (Da Nang),DEHAM (Hamburg),40HC,2026-04-12,11
BOL202600398,CTR-1082,ONE,VNSGN (Cat Lai),CNSHA (Shanghai),40HC,2026-01-21,14
BOL202600399,CTR-1088,ONE,VNSGN (Cat Lai),USLAX (Los Angeles),40HC,2026-03-26,14
BOL202600400,CTR-1022,Maersk,VNDNG (Da Nang),NLRTM (Rotterdam),40HC,2026-06-22,14
BOL202600401,CTR-1142,MSC,VNDNG (Da Nang),NLRTM (Rotterdam),40HC,2026-05-17,7
BOL202600402,CTR-1127,MSC,VNHPH (Hai Phong),USLAX (Los Angeles),20DC,2026-03-23,11
BOL202600403,CTR-1144,MSC,VNDNG (Da Nang),USLAX (Los Angeles),40HC,2026-05-05,14
BOL202600404,CTR-1152,Hapag-Lloyd,VNHPH (Hai Phong),USLAX (Los Angeles),40HC,2026-05-19,1
BOL202600405,CTR-1120,Evergreen,VNDNG (Da Nang),USLAX (Los Angeles),40HC,2026-06-08,2
BOL202600406,CTR-1038,CMA CGM,VNSGN (Cat Lai),NLRTM (Rotterdam),40HC,2026-03-02,11
BOL202600407,CTR-1068,COSCO,VNDNG (Da Nang),DEHAM (Hamburg),40HC,2026-06-25,15
BOL202600408,CTR-1088,ONE,VNSGN (Cat Lai),USLAX (Los Angeles),40HC,2026-03-15,4
BOL202600409,CTR-1064,COSCO,VNSGN (Cat Lai),USLAX (Los Angeles),40HC,2026-01-24,7
BOL202600410,CTR-1071,COSCO,VNDNG (Da Nang),USLAX (Los Angeles),20DC,2026-01-26,13
BOL202600411,CTR-1099,Evergreen,VNHPH (Hai Phong),DEHAM (Hamburg),20DC,2026-06-12,12
BOL202600412,CTR-1066,COSCO,VNDNG (Da Nang),CNSHA (Shanghai),40HC,2026-01-26,8
BOL202600413,CTR-1067,COSCO,VNDNG (Da Nang),DEHAM (Hamburg),20DC,2026-02-12,12
BOL202600414,CTR-1049,COSCO,VNHPH (Hai Phong),CNSHA (Shanghai),20DC,2026-03-18,15
BOL202600415,CTR-1013,Maersk,VNSGN (Cat Lai),NLRTM (Rotterdam),20DC,2026-01-08,1
BOL202600416,CTR-1114,Evergreen,VNDNG (Da Nang),CNSHA (Shanghai),40HC,2026-03-25,13
BOL202600417,CTR-1141,MSC,VNDNG (Da Nang),NLRTM (Rotterdam),20DC,2026-01-15,5
BOL202600418,CTR-1068,COSCO,VNDNG (Da Nang),DEHAM (Hamburg),40HC,2026-04-02,6
BOL202600419,CTR-1082,ONE,VNSGN (Cat Lai),CNSHA (Shanghai),40HC,2026-04-21,3
BOL202600420,CTR-1017,Maersk,VNDNG (Da Nang),CNSHA (Shanghai),20DC,2026-03-04,9
BOL202600421,CTR-1155,Hapag-Lloyd,VNSGN (Cat Lai),DEHAM (Hamburg),20DC,2026-04-16,10
BOL202600422,CTR-1126,MSC,VNHPH (Hai Phong),NLRTM (Rotterdam),40HC,2026-06-24,13
BOL202600423,CTR-1006,Maersk,VNHPH (Hai Phong),NLRTM (Rotterdam),40HC,2026-02-16,3
BOL202600424,CTR-1030,CMA CGM,VNHPH (Hai Phong),NLRTM (Rotterdam),40HC,2026-02-14,2
BOL202600425,CTR-1007,Maersk,VNHPH (Hai Phong),USLAX (Los Angeles),20DC,2026-06-06,14
BOL202600426,CTR-1073,ONE,VNHPH (Hai Phong),CNSHA (Shanghai),20DC,2026-04-08,10
BOL202600427,CTR-1036,CMA CGM,VNSGN (Cat Lai),DEHAM (Hamburg),40HC,2026-06-24,4
BOL202600428,CTR-1069,COSCO,VNDNG (Da Nang),NLRTM (Rotterdam),20DC,2026-05-08,15
BOL202600429,CTR-1132,MSC,VNSGN (Cat Lai),DEHAM (Hamburg),40HC,2026-05-30,3
BOL202600430,CTR-1052,COSCO,VNHPH (Hai Phong),DEHAM (Hamburg),40HC,2026-03-01,8
BOL202600431,CTR-1066,COSCO,VNDNG (Da Nang),CNSHA (Shanghai),40HC,2026-06-13,5
BOL202600432,CTR-1137,MSC,VNDNG (Da Nang),CNSHA (Shanghai),20DC,2026-04-28,5
BOL202600433,CTR-1128,MSC,VNHPH (Hai Phong),USLAX (Los Angeles),40HC,2026-06-20,1
BOL202600434,CTR-1168,Hapag-Lloyd,VNDNG (Da Nang),USLAX (Los Angeles),40HC,2026-04-30,15
BOL202600435,CTR-1164,Hapag-Lloyd,VNDNG (Da Nang),DEHAM (Hamburg),40HC,2026-03-15,11
BOL202600436,CTR-1094,ONE,VNDNG (Da Nang),NLRTM (Rotterdam),40HC,2026-05-20,3
BOL202600437,CTR-1130,MSC,VNSGN (Cat Lai),CNSHA (Shanghai),40HC,2026-01-19,8
BOL202600438,CTR-1105,Evergreen,VNSGN (Cat Lai),CNSHA (Shanghai),20DC,2026-03-30,10
BOL202600439,CTR-1117,Evergreen,VNDNG (Da Nang),NLRTM (Rotterdam),20DC,2026-03-18,11
BOL202600440,CTR-1076,ONE,VNHPH (Hai Phong),DEHAM (Hamburg),40HC,2026-04-19,12
BOL202600441,CTR-1018,Maersk,VNDNG (Da Nang),CNSHA (Shanghai),40HC,2026-03-06,8
BOL202600442,CTR-1089,ONE,VNDNG (Da Nang),CNSHA (Shanghai),20DC,2026-03-19,4
BOL202600443,CTR-1035,CMA CGM,VNSGN (Cat Lai),DEHAM (Hamburg),20DC,2026-04-09,14
BOL202600444,CTR-1087,ONE,VNSGN (Cat Lai),USLAX (Los Angeles),20DC,2026-05-04,2
BOL202600445,CTR-1007,Maersk,VNHPH (Hai Phong),USLAX (Los Angeles),20DC,2026-03-02,7
BOL202600446,CTR-1167,Hapag-Lloyd,VNDNG (Da Nang),USLAX (Los Angeles),20DC,2026-05-27,6
BOL202600447,CTR-1070,COSCO,VNDNG (Da Nang),NLRTM (Rotterdam),40HC,2026-05-28,5
BOL202600448,CTR-1063,COSCO,VNSGN (Cat Lai),USLAX (Los Angeles),20DC,2026-06-29,5
BOL202600449,CTR-1163,Hapag-Lloyd,VNDNG (Da Nang),DEHAM (Hamburg),20DC,2026-01-06,14
BOL202600450,CTR-1049,COSCO,VNHPH (Hai Phong),CNSHA (Shanghai),20DC,2026-06-18,7
BOL202600451,CTR-1052,COSCO,VNHPH (Hai Phong),DEHAM (Hamburg),40HC,2026-03-12,1
BOL202600452,CTR-1081,ONE,VNSGN (Cat Lai),CNSHA (Shanghai),20DC,2026-05-25,14
BOL202600453,CTR-1161,Hapag-Lloyd,VNDNG (Da Nang),CNSHA (Shanghai),20DC,2026-06-25,13
BOL202600454,CTR-1042,CMA CGM,VNDNG (Da Nang),CNSHA (Shanghai),40HC,2026-01-13,15
BOL202600455,CTR-1100,Evergreen,VNHPH (Hai Phong),DEHAM (Hamburg),40HC,2026-06-05,12
BOL202600456,CTR-1151,Hapag-Lloyd,VNHPH (Hai Phong),USLAX (Los Angeles),20DC,2026-05-08,14
BOL202600457,CTR-1098,Evergreen,VNHPH (Hai Phong),CNSHA (Shanghai),40HC,2026-03-15,13
BOL202600458,CTR-1082,ONE,VNSGN (Cat Lai),CNSHA (Shanghai),40HC,2026-02-28,10
BOL202600459,CTR-1100,Evergreen,VNHPH (Hai Phong),DEHAM (Hamburg),40HC,2026-04-01,4
BOL202600460,CTR-1134,MSC,VNSGN (Cat Lai),NLRTM (Rotterdam),40HC,2026-06-12,4
BOL202600461,CTR-1011,Maersk,VNSGN (Cat Lai),DEHAM (Hamburg),20DC,2026-06-08,5
BOL202600462,CTR-1032,CMA CGM,VNHPH (Hai Phong),USLAX (Los Angeles),40HC,2026-06-23,13
BOL202600463,CTR-1128,MSC,VNHPH (Hai Phong),USLAX (Los Angeles),40HC,2026-06-18,11
BOL202600464,CTR-1149,Hapag-Lloyd,VNHPH (Hai Phong),NLRTM (Rotterdam),20DC,2026-02-05,11
BOL202600465,CTR-1101,Evergreen,VNHPH (Hai Phong),NLRTM (Rotterdam),20DC,2026-01-25,15
BOL202600466,CTR-1098,Evergreen,VNHPH (Hai Phong),CNSHA (Shanghai),40HC,2026-06-10,11
BOL202600467,CTR-1128,MSC,VNHPH (Hai Phong),USLAX (Los Angeles),40HC,2026-01-11,5
BOL202600468,CTR-1036,CMA CGM,VNSGN (Cat Lai),DEHAM (Hamburg),40HC,2026-04-23,1
BOL202600469,CTR-1022,Maersk,VNDNG (Da Nang),NLRTM (Rotterdam),40HC,2026-05-29,6
BOL202600470,CTR-1047,CMA CGM,VNDNG (Da Nang),USLAX (Los Angeles),20DC,2026-02-03,2
BOL202600471,CTR-1052,COSCO,VNHPH (Hai Phong),DEHAM (Hamburg),40HC,2026-03-17,6
BOL202600472,CTR-1124,MSC,VNHPH (Hai Phong),DEHAM (Hamburg),40HC,2026-04-17,3
BOL202600473,CTR-1123,MSC,VNHPH (Hai Phong),DEHAM (Hamburg),20DC,2026-02-21,3
BOL202600474,CTR-1065,COSCO,VNDNG (Da Nang),CNSHA (Shanghai),20DC,2026-05-19,15
BOL202600475,CTR-1031,CMA CGM,VNHPH (Hai Phong),USLAX (Los Angeles),20DC,2026-04-04,9
BOL202600476,CTR-1127,MSC,VNHPH (Hai Phong),USLAX (Los Angeles),20DC,2026-05-09,15
BOL202600477,CTR-1070,COSCO,VNDNG (Da Nang),NLRTM (Rotterdam),40HC,2026-03-11,14
BOL202600478,CTR-1154,Hapag-Lloyd,VNSGN (Cat Lai),CNSHA (Shanghai),40HC,2026-02-12,5
BOL202600479,CTR-1033,CMA CGM,VNSGN (Cat Lai),CNSHA (Shanghai),20DC,2026-05-04,13
BOL202600480,CTR-1099,Evergreen,VNHPH (Hai Phong),DEHAM (Hamburg),20DC,2026-03-17,12
BOL202600481,CTR-1148,Hapag-Lloyd,VNHPH (Hai Phong),DEHAM (Hamburg),40HC,2026-03-28,13
BOL202600482,CTR-1150,Hapag-Lloyd,VNHPH (Hai Phong),NLRTM (Rotterdam),40HC,2026-01-30,8
BOL202600483,CTR-1090,ONE,VNDNG (Da Nang),CNSHA (Shanghai),40HC,2026-01-20,3
BOL202600484,CTR-1124,MSC,VNHPH (Hai Phong),DEHAM (Hamburg),40HC,2026-02-27,14
BOL202600485,CTR-1156,Hapag-Lloyd,VNSGN (Cat Lai),DEHAM (Hamburg),40HC,2026-06-23,12
BOL202600486,CTR-1118,Evergreen,VNDNG (Da Nang),NLRTM (Rotterdam),40HC,2026-06-22,7
BOL202600487,CTR-1068,COSCO,VNDNG (Da Nang),DEHAM (Hamburg),40HC,2026-05-23,6
BOL202600488,CTR-1135,MSC,VNSGN (Cat Lai),USLAX (Los Angeles),20DC,2026-01-24,13
BOL202600489,CTR-1047,CMA CGM,VNDNG (Da Nang),USLAX (Los Angeles),20DC,2026-04-12,1
BOL202600490,CTR-1139,MSC,VNDNG (Da Nang),DEHAM (Hamburg),20DC,2026-03-09,9
BOL202600491,CTR-1131,MSC,VNSGN (Cat Lai),DEHAM (Hamburg),20DC,2026-02-01,8
BOL202600492,CTR-1113,Evergreen,VNDNG (Da Nang),CNSHA (Shanghai),20DC,2026-04-05,11
BOL202600493,CTR-1157,Hapag-Lloyd,VNSGN (Cat Lai),NLRTM (Rotterdam),20DC,2026-06-22,5
BOL202600494,CTR-1088,ONE,VNSGN (Cat Lai),USLAX (Los Angeles),40HC,2026-05-30,7
BOL202600495,CTR-1028,CMA CGM,VNHPH (Hai Phong),DEHAM (Hamburg),40HC,2026-06-13,6
BOL202600496,CTR-1022,Maersk,VNDNG (Da Nang),NLRTM (Rotterdam),40HC,2026-01-28,11
BOL202600497,CTR-1120,Evergreen,VNDNG (Da Nang),USLAX (Los Angeles),40HC,2026-03-01,8
BOL202600498,CTR-1140,MSC,VNDNG (Da Nang),DEHAM (Hamburg),40HC,2026-01-07,10
BOL202600499,CTR-1070,COSCO,VNDNG (Da Nang),NLRTM (Rotterdam),40HC,2026-05-24,6
BOL202600500,CTR-1034,CMA CGM,VNSGN (Cat Lai),CNSHA (Shanghai),40HC,2026-06-06,4
BOL202600501,CTR-1098,Evergreen,VNHPH (Hai Phong),CNSHA (Shanghai),40HC,2026-06-15,2
BOL202600502,CTR-1140,MSC,VNDNG (Da Nang),DEHAM (Hamburg),40HC,2026-06-12,14
BOL202600503,CTR-1119,Evergreen,VNDNG (Da Nang),USLAX (Los Angeles),20DC,2026-04-29,15
BOL202600504,CTR-1091,ONE,VNDNG (Da Nang),DEHAM (Hamburg),20DC,2026-06-29,5
BOL202600505,CTR-1131,MSC,VNSGN (Cat Lai),DEHAM (Hamburg),20DC,2026-06-16,7
BOL202600506,CTR-1066,COSCO,VNDNG (Da Nang),CNSHA (Shanghai),40HC,2026-01-30,3
BOL202600507,CTR-1020,Maersk,VNDNG (Da Nang),DEHAM (Hamburg),40HC,2026-01-12,1
BOL202600508,CTR-1133,MSC,VNSGN (Cat Lai),NLRTM (Rotterdam),20DC,2026-03-19,8
BOL202600509,CTR-1166,Hapag-Lloyd,VNDNG (Da Nang),NLRTM (Rotterdam),40HC,2026-01-30,2
BOL202600510,CTR-1059,COSCO,VNSGN (Cat Lai),DEHAM (Hamburg),20DC,2026-03-02,15
BOL202600511,CTR-1063,COSCO,VNSGN (Cat Lai),USLAX (Los Angeles),20DC,2026-05-18,3
BOL202600512,CTR-1148,Hapag-Lloyd,VNHPH (Hai Phong),DEHAM (Hamburg),40HC,2026-04-10,8
BOL202600513,CTR-1146,Hapag-Lloyd,VNHPH (Hai Phong),CNSHA (Shanghai),40HC,2026-04-05,11
BOL202600514,CTR-1125,MSC,VNHPH (Hai Phong),NLRTM (Rotterdam),20DC,2026-06-28,9
BOL202600515,CTR-1156,Hapag-Lloyd,VNSGN (Cat Lai),DEHAM (Hamburg),40HC,2026-04-18,10
BOL202600516,CTR-1122,MSC,VNHPH (Hai Phong),CNSHA (Shanghai),40HC,2026-02-09,15
BOL202600517,CTR-1007,Maersk,VNHPH (Hai Phong),USLAX (Los Angeles),20DC,2026-04-17,11
BOL202600518,CTR-1134,MSC,VNSGN (Cat Lai),NLRTM (Rotterdam),40HC,2026-01-26,14
BOL202600519,CTR-1125,MSC,VNHPH (Hai Phong),NLRTM (Rotterdam),20DC,2026-05-06,10
BOL202600520,CTR-1081,ONE,VNSGN (Cat Lai),CNSHA (Shanghai),20DC,2026-04-15,5
BOL202600521,CTR-1112,Evergreen,VNSGN (Cat Lai),USLAX (Los Angeles),40HC,2026-01-09,12
BOL202600522,CTR-1001,Maersk,VNHPH (Hai Phong),CNSHA (Shanghai),20DC,2026-04-05,4
BOL202600523,CTR-1009,Maersk,VNSGN (Cat Lai),CNSHA (Shanghai),20DC,2026-04-24,8
BOL202600524,CTR-1050,COSCO,VNHPH (Hai Phong),CNSHA (Shanghai),40HC,2026-03-02,14
BOL202600525,CTR-1140,MSC,VNDNG (Da Nang),DEHAM (Hamburg),40HC,2026-04-03,2
BOL202600526,CTR-1152,Hapag-Lloyd,VNHPH (Hai Phong),USLAX (Los Angeles),40HC,2026-06-25,6
BOL202600527,CTR-1119,Evergreen,VNDNG (Da Nang),USLAX (Los Angeles),20DC,2026-05-20,15
BOL202600528,CTR-1082,ONE,VNSGN (Cat Lai),CNSHA (Shanghai),40HC,2026-06-15,6
BOL202600529,CTR-1136,MSC,VNSGN (Cat Lai),USLAX (Los Angeles),40HC,2026-01-16,7
BOL202600530,CTR-1026,CMA CGM,VNHPH (Hai Phong),CNSHA (Shanghai),40HC,2026-03-12,4
BOL202600531,CTR-1136,MSC,VNSGN (Cat Lai),USLAX (Los Angeles),40HC,2026-02-01,14
BOL202600532,CTR-1095,ONE,VNDNG (Da Nang),USLAX (Los Angeles),20DC,2026-04-27,2
BOL202600533,CTR-1130,MSC,VNSGN (Cat Lai),CNSHA (Shanghai),40HC,2026-06-19,4
BOL202600534,CTR-1025,CMA CGM,VNHPH (Hai Phong),CNSHA (Shanghai),20DC,2026-06-14,11
BOL202600535,CTR-1071,COSCO,VNDNG (Da Nang),USLAX (Los Angeles),20DC,2026-06-02,1
BOL202600536,CTR-1130,MSC,VNSGN (Cat Lai),CNSHA (Shanghai),40HC,2026-01-13,13
BOL202600537,CTR-1109,Evergreen,VNSGN (Cat Lai),NLRTM (Rotterdam),20DC,2026-03-27,4
BOL202600538,CTR-1037,CMA CGM,VNSGN (Cat Lai),NLRTM (Rotterdam),20DC,2026-02-02,13
BOL202600539,CTR-1003,Maersk,VNHPH (Hai Phong),DEHAM (Hamburg),20DC,2026-05-25,4
BOL202600540,CTR-1085,ONE,VNSGN (Cat Lai),NLRTM (Rotterdam),20DC,2026-01-18,14
BOL202600541,CTR-1047,CMA CGM,VNDNG (Da Nang),USLAX (Los Angeles),20DC,2026-05-22,4
BOL202600542,CTR-1009,Maersk,VNSGN (Cat Lai),CNSHA (Shanghai),20DC,2026-05-31,4
BOL202600543,CTR-1118,Evergreen,VNDNG (Da Nang),NLRTM (Rotterdam),40HC,2026-03-01,6
BOL202600544,CTR-1122,MSC,VNHPH (Hai Phong),CNSHA (Shanghai),40HC,2026-02-07,13
BOL202600545,CTR-1079,ONE,VNHPH (Hai Phong),USLAX (Los Angeles),20DC,2026-06-02,1
BOL202600546,CTR-1146,Hapag-Lloyd,VNHPH (Hai Phong),CNSHA (Shanghai),40HC,2026-03-12,14
BOL202600547,CTR-1010,Maersk,VNSGN (Cat Lai),CNSHA (Shanghai),40HC,2026-02-07,3
BOL202600548,CTR-1156,Hapag-Lloyd,VNSGN (Cat Lai),DEHAM (Hamburg),40HC,2026-05-19,5
BOL202600549,CTR-1132,MSC,VNSGN (Cat Lai),DEHAM (Hamburg),40HC,2026-02-14,2
BOL202600550,CTR-1015,Maersk,VNSGN (Cat Lai),USLAX (Los Angeles),20DC,2026-06-19,14
BOL202600551,CTR-1120,Evergreen,VNDNG (Da Nang),USLAX (Los Angeles),40HC,2026-01-07,3
BOL202600552,CTR-1137,MSC,VNDNG (Da Nang),CNSHA (Shanghai),20DC,2026-01-04,6
BOL202600553,CTR-1142,MSC,VNDNG (Da Nang),NLRTM (Rotterdam),40HC,2026-03-02,10
BOL202600554,CTR-1040,CMA CGM,VNSGN (Cat Lai),USLAX (Los Angeles),40HC,2026-03-24,1
BOL202600555,CTR-1110,Evergreen,VNSGN (Cat Lai),NLRTM (Rotterdam),40HC,2026-02-14,5
BOL202600556,CTR-1019,Maersk,VNDNG (Da Nang),DEHAM (Hamburg),20DC,2026-01-14,3
BOL202600557,CTR-1107,Evergreen,VNSGN (Cat Lai),DEHAM (Hamburg),20DC,2026-04-18,9
BOL202600558,CTR-1141,MSC,VNDNG (Da Nang),NLRTM (Rotterdam),20DC,2026-01-30,12
BOL202600559,CTR-1055,COSCO,VNHPH (Hai Phong),USLAX (Los Angeles),20DC,2026-01-17,8
BOL202600560,CTR-1086,ONE,VNSGN (Cat Lai),NLRTM (Rotterdam),40HC,2026-04-25,13
BOL202600561,CTR-1156,Hapag-Lloyd,VNSGN (Cat Lai),DEHAM (Hamburg),40HC,2026-04-03,9
BOL202600562,CTR-1051,COSCO,VNHPH (Hai Phong),DEHAM (Hamburg),20DC,2026-06-01,2
BOL202600563,CTR-1039,CMA CGM,VNSGN (Cat Lai),USLAX (Los Angeles),20DC,2026-04-26,9
BOL202600564,CTR-1113,Evergreen,VNDNG (Da Nang),CNSHA (Shanghai),20DC,2026-02-26,10
BOL202600565,CTR-1091,ONE,VNDNG (Da Nang),DEHAM (Hamburg),20DC,2026-01-12,12
BOL202600566,CTR-1123,MSC,VNHPH (Hai Phong),DEHAM (Hamburg),20DC,2026-06-18,9
BOL202600567,CTR-1058,COSCO,VNSGN (Cat Lai),CNSHA (Shanghai),40HC,2026-03-19,8
BOL202600568,CTR-1021,Maersk,VNDNG (Da Nang),NLRTM (Rotterdam),20DC,2026-06-14,1
BOL202600569,CTR-1145,Hapag-Lloyd,VNHPH (Hai Phong),CNSHA (Shanghai),20DC,2026-01-16,8
BOL202600570,CTR-1149,Hapag-Lloyd,VNHPH (Hai Phong),NLRTM (Rotterdam),20DC,2026-04-13,7
BOL202600571,CTR-1096,ONE,VNDNG (Da Nang),USLAX (Los Angeles),40HC,2026-06-25,2
BOL202600572,CTR-1167,Hapag-Lloyd,VNDNG (Da Nang),USLAX (Los Angeles),20DC,2026-05-06,12
BOL202600573,CTR-1141,MSC,VNDNG (Da Nang),NLRTM (Rotterdam),20DC,2026-04-24,2
BOL202600574,CTR-1079,ONE,VNHPH (Hai Phong),USLAX (Los Angeles),20DC,2026-01-21,6
BOL202600575,CTR-1033,CMA CGM,VNSGN (Cat Lai),CNSHA (Shanghai),20DC,2026-06-05,3
BOL202600576,CTR-1116,Evergreen,VNDNG (Da Nang),DEHAM (Hamburg),40HC,2026-01-17,3
BOL202600577,CTR-1092,ONE,VNDNG (Da Nang),DEHAM (Hamburg),40HC,2026-03-12,10
BOL202600578,CTR-1093,ONE,VNDNG (Da Nang),NLRTM (Rotterdam),20DC,2026-06-12,10
BOL202600579,CTR-1001,Maersk,VNHPH (Hai Phong),CNSHA (Shanghai),20DC,2026-05-21,12
BOL202600580,CTR-1011,Maersk,VNSGN (Cat Lai),DEHAM (Hamburg),20DC,2026-03-25,7
BOL202600581,CTR-1077,ONE,VNHPH (Hai Phong),NLRTM (Rotterdam),20DC,2026-06-02,9
BOL202600582,CTR-1117,Evergreen,VNDNG (Da Nang),NLRTM (Rotterdam),20DC,2026-03-17,8
BOL202600583,CTR-1139,MSC,VNDNG (Da Nang),DEHAM (Hamburg),20DC,2026-05-10,10
BOL202600584,CTR-1024,Maersk,VNDNG (Da Nang),USLAX (Los Angeles),40HC,2026-04-21,2
BOL202600585,CTR-1069,COSCO,VNDNG (Da Nang),NLRTM (Rotterdam),20DC,2026-06-29,2
BOL202600586,CTR-1069,COSCO,VNDNG (Da Nang),NLRTM (Rotterdam),20DC,2026-06-17,11
BOL202600587,CTR-1053,COSCO,VNHPH (Hai Phong),NLRTM (Rotterdam),20DC,2026-05-22,12
BOL202600588,CTR-1009,Maersk,VNSGN (Cat Lai),CNSHA (Shanghai),20DC,2026-02-25,7
BOL202600589,CTR-1159,Hapag-Lloyd,VNSGN (Cat Lai),USLAX (Los Angeles),20DC,2026-04-26,15
BOL202600590,CTR-1100,Evergreen,VNHPH (Hai Phong),DEHAM (Hamburg),40HC,2026-02-28,7
BOL202600591,CTR-1057,COSCO,VNSGN (Cat Lai),CNSHA (Shanghai),20DC,2026-03-28,14
BOL202600592,CTR-1017,Maersk,VNDNG (Da Nang),CNSHA (Shanghai),20DC,2026-04-27,7
BOL202600593,CTR-1113,Evergreen,VNDNG (Da Nang),CNSHA (Shanghai),20DC,2026-04-17,12
BOL202600594,CTR-1002,Maersk,VNHPH (Hai Phong),CNSHA (Shanghai),40HC,2026-01-25,6
BOL202600595,CTR-1057,COSCO,VNSGN (Cat Lai),CNSHA (Shanghai),20DC,2026-04-20,6
BOL202600596,CTR-1063,COSCO,VNSGN (Cat Lai),USLAX (Los Angeles),20DC,2026-06-20,5
BOL202600597,CTR-1038,CMA CGM,VNSGN (Cat Lai),NLRTM (Rotterdam),40HC,2026-04-06,3
BOL202600598,CTR-1102,Evergreen,VNHPH (Hai Phong),NLRTM (Rotterdam),40HC,2026-06-25,15
BOL202600599,CTR-1148,Hapag-Lloyd,VNHPH (Hai Phong),DEHAM (Hamburg),40HC,2026-05-02,2
BOL202600600,CTR-1049,COSCO,VNHPH (Hai Phong),CNSHA (Shanghai),20DC,2026-01-24,14
BOL202600601,CTR-1063,COSCO,VNSGN (Cat Lai),USLAX (Los Angeles),20DC,2026-01-22,2
BOL202600602,CTR-1013,Maersk,VNSGN (Cat Lai),NLRTM (Rotterdam),20DC,2026-04-21,2
BOL202600603,CTR-1168,Hapag-Lloyd,VNDNG (Da Nang),USLAX (Los Angeles),40HC,2026-04-06,13
BOL202600604,CTR-1105,Evergreen,VNSGN (Cat Lai),CNSHA (Shanghai),20DC,2026-02-03,9
BOL202600605,CTR-1054,COSCO,VNHPH (Hai Phong),NLRTM (Rotterdam),40HC,2026-01-16,10
BOL202600606,CTR-1061,COSCO,VNSGN (Cat Lai),NLRTM (Rotterdam),20DC,2026-05-24,9
BOL202600607,CTR-1148,Hapag-Lloyd,VNHPH (Hai Phong),DEHAM (Hamburg),40HC,2026-03-26,11
BOL202600608,CTR-1104,Evergreen,VNHPH (Hai Phong),USLAX (Los Angeles),40HC,2026-02-01,7
BOL202600609,CTR-1053,COSCO,VNHPH (Hai Phong),NLRTM (Rotterdam),20DC,2026-04-01,14
BOL202600610,CTR-1011,Maersk,VNSGN (Cat Lai),DEHAM (Hamburg),20DC,2026-06-20,13
BOL202600611,CTR-1074,ONE,VNHPH (Hai Phong),CNSHA (Shanghai),40HC,2026-04-19,14
BOL202600612,CTR-1002,Maersk,VNHPH (Hai Phong),CNSHA (Shanghai),40HC,2026-01-14,5
BOL202600613,CTR-1121,MSC,VNHPH (Hai Phong),CNSHA (Shanghai),20DC,2026-06-03,5
BOL202600614,CTR-1082,ONE,VNSGN (Cat Lai),CNSHA (Shanghai),40HC,2026-04-01,2
BOL202600615,CTR-1059,COSCO,VNSGN (Cat Lai),DEHAM (Hamburg),20DC,2026-05-28,9
BOL202600616,CTR-1016,Maersk,VNSGN (Cat Lai),USLAX (Los Angeles),40HC,2026-02-24,3
BOL202600617,CTR-1044,CMA CGM,VNDNG (Da Nang),DEHAM (Hamburg),40HC,2026-06-18,8
BOL202600618,CTR-1028,CMA CGM,VNHPH (Hai Phong),DEHAM (Hamburg),40HC,2026-02-27,14
BOL202600619,CTR-1091,ONE,VNDNG (Da Nang),DEHAM (Hamburg),20DC,2026-01-28,6
BOL202600620,CTR-1164,Hapag-Lloyd,VNDNG (Da Nang),DEHAM (Hamburg),40HC,2026-05-23,6
BOL202600621,CTR-1010,Maersk,VNSGN (Cat Lai),CNSHA (Shanghai),40HC,2026-01-30,13
BOL202600622,CTR-1132,MSC,VNSGN (Cat Lai),DEHAM (Hamburg),40HC,2026-03-13,10
BOL202600623,CTR-1057,COSCO,VNSGN (Cat Lai),CNSHA (Shanghai),20DC,2026-02-27,13
BOL202600624,CTR-1059,COSCO,VNSGN (Cat Lai),DEHAM (Hamburg),20DC,2026-04-20,14
BOL202600625,CTR-1112,Evergreen,VNSGN (Cat Lai),USLAX (Los Angeles),40HC,2026-05-24,13
BOL202600626,CTR-1043,CMA CGM,VNDNG (Da Nang),DEHAM (Hamburg),20DC,2026-06-09,10
BOL202600627,CTR-1109,Evergreen,VNSGN (Cat Lai),NLRTM (Rotterdam),20DC,2026-06-22,11
BOL202600628,CTR-1125,MSC,VNHPH (Hai Phong),NLRTM (Rotterdam),20DC,2026-05-23,1
BOL202600629,CTR-1163,Hapag-Lloyd,VNDNG (Da Nang),DEHAM (Hamburg),20DC,2026-06-05,15
BOL202600630,CTR-1057,COSCO,VNSGN (Cat Lai),CNSHA (Shanghai),20DC,2026-06-18,14
BOL202600631,CTR-1112,Evergreen,VNSGN (Cat Lai),USLAX (Los Angeles),40HC,2026-06-27,5
BOL202600632,CTR-1064,COSCO,VNSGN (Cat Lai),USLAX (Los Angeles),40HC,2026-01-08,3
BOL202600633,CTR-1157,Hapag-Lloyd,VNSGN (Cat Lai),NLRTM (Rotterdam),20DC,2026-03-11,12
BOL202600634,CTR-1111,Evergreen,VNSGN (Cat Lai),USLAX (Los Angeles),20DC,2026-03-21,15
BOL202600635,CTR-1161,Hapag-Lloyd,VNDNG (Da Nang),CNSHA (Shanghai),20DC,2026-03-28,6
BOL202600636,CTR-1006,Maersk,VNHPH (Hai Phong),NLRTM (Rotterdam),40HC,2026-01-02,3
BOL202600637,CTR-1053,COSCO,VNHPH (Hai Phong),NLRTM (Rotterdam),20DC,2026-02-06,10
BOL202600638,CTR-1047,CMA CGM,VNDNG (Da Nang),USLAX (Los Angeles),20DC,2026-06-18,7
BOL202600639,CTR-1008,Maersk,VNHPH (Hai Phong),USLAX (Los Angeles),40HC,2026-01-18,3
BOL202600640,CTR-1101,Evergreen,VNHPH (Hai Phong),NLRTM (Rotterdam),20DC,2026-06-12,1
BOL202600641,CTR-1051,COSCO,VNHPH (Hai Phong),DEHAM (Hamburg),20DC,2026-01-24,12
BOL202600642,CTR-1077,ONE,VNHPH (Hai Phong),NLRTM (Rotterdam),20DC,2026-05-16,4
BOL202600643,CTR-1029,CMA CGM,VNHPH (Hai Phong),NLRTM (Rotterdam),20DC,2026-04-07,7
BOL202600644,CTR-1091,ONE,VNDNG (Da Nang),DEHAM (Hamburg),20DC,2026-04-27,6
BOL202600645,CTR-1065,COSCO,VNDNG (Da Nang),CNSHA (Shanghai),20DC,2026-02-10,6
BOL202600646,CTR-1061,COSCO,VNSGN (Cat Lai),NLRTM (Rotterdam),20DC,2026-03-21,12
BOL202600647,CTR-1148,Hapag-Lloyd,VNHPH (Hai Phong),DEHAM (Hamburg),40HC,2026-03-25,13
BOL202600648,CTR-1137,MSC,VNDNG (Da Nang),CNSHA (Shanghai),20DC,2026-05-26,10
BOL202600649,CTR-1151,Hapag-Lloyd,VNHPH (Hai Phong),USLAX (Los Angeles),20DC,2026-01-22,15
BOL202600650,CTR-1038,CMA CGM,VNSGN (Cat Lai),NLRTM (Rotterdam),40HC,2026-01-14,3
BOL202600651,CTR-1117,Evergreen,VNDNG (Da Nang),NLRTM (Rotterdam),20DC,2026-02-10,13
BOL202600652,CTR-1022,Maersk,VNDNG (Da Nang),NLRTM (Rotterdam),40HC,2026-06-08,1
BOL202600653,CTR-1166,Hapag-Lloyd,VNDNG (Da Nang),NLRTM (Rotterdam),40HC,2026-06-22,2
BOL202600654,CTR-1120,Evergreen,VNDNG (Da Nang),USLAX (Los Angeles),40HC,2026-03-11,8
BOL202600655,CTR-1084,ONE,VNSGN (Cat Lai),DEHAM (Hamburg),40HC,2026-06-19,7
BOL202600656,CTR-1143,MSC,VNDNG (Da Nang),USLAX (Los Angeles),20DC,2026-05-05,10
BOL202600657,CTR-1012,Maersk,VNSGN (Cat Lai),DEHAM (Hamburg),40HC,2026-04-24,7
BOL202600658,CTR-1118,Evergreen,VNDNG (Da Nang),NLRTM (Rotterdam),40HC,2026-03-11,4
BOL202600659,CTR-1032,CMA CGM,VNHPH (Hai Phong),USLAX (Los Angeles),40HC,2026-05-12,2
BOL202600660,CTR-1079,ONE,VNHPH (Hai Phong),USLAX (Los Angeles),20DC,2026-03-30,7
BOL202600661,CTR-1065,COSCO,VNDNG (Da Nang),CNSHA (Shanghai),20DC,2026-01-29,5
BOL202600662,CTR-1048,CMA CGM,VNDNG (Da Nang),USLAX (Los Angeles),40HC,2026-06-23,11
BOL202600663,CTR-1009,Maersk,VNSGN (Cat Lai),CNSHA (Shanghai),20DC,2026-06-01,8
BOL202600664,CTR-1061,COSCO,VNSGN (Cat Lai),NLRTM (Rotterdam),20DC,2026-05-15,11
BOL202600665,CTR-1048,CMA CGM,VNDNG (Da Nang),USLAX (Los Angeles),40HC,2026-03-20,1
BOL202600666,CTR-1136,MSC,VNSGN (Cat Lai),USLAX (Los Angeles),40HC,2026-02-26,7
BOL202600667,CTR-1120,Evergreen,VNDNG (Da Nang),USLAX (Los Angeles),40HC,2026-06-03,1
BOL202600668,CTR-1003,Maersk,VNHPH (Hai Phong),DEHAM (Hamburg),20DC,2026-01-02,4
BOL202600669,CTR-1117,Evergreen,VNDNG (Da Nang),NLRTM (Rotterdam),20DC,2026-03-19,4
BOL202600670,CTR-1091,ONE,VNDNG (Da Nang),DEHAM (Hamburg),20DC,2026-02-05,13
BOL202600671,CTR-1090,ONE,VNDNG (Da Nang),CNSHA (Shanghai),40HC,2026-03-07,5
BOL202600672,CTR-1151,Hapag-Lloyd,VNHPH (Hai Phong),USLAX (Los Angeles),20DC,2026-03-25,2
BOL202600673,CTR-1114,Evergreen,VNDNG (Da Nang),CNSHA (Shanghai),40HC,2026-01-02,8
BOL202600674,CTR-1003,Maersk,VNHPH (Hai Phong),DEHAM (Hamburg),20DC,2026-04-21,3
BOL202600675,CTR-1013,Maersk,VNSGN (Cat Lai),NLRTM (Rotterdam),20DC,2026-02-03,7
BOL202600676,CTR-1154,Hapag-Lloyd,VNSGN (Cat Lai),CNSHA (Shanghai),40HC,2026-05-17,12
BOL202600677,CTR-1028,CMA CGM,VNHPH (Hai Phong),DEHAM (Hamburg),40HC,2026-02-28,9
BOL202600678,CTR-1063,COSCO,VNSGN (Cat Lai),USLAX (Los Angeles),20DC,2026-05-24,14
BOL202600679,CTR-1160,Hapag-Lloyd,VNSGN (Cat Lai),USLAX (Los Angeles),40HC,2026-06-21,13
BOL202600680,CTR-1120,Evergreen,VNDNG (Da Nang),USLAX (Los Angeles),40HC,2026-04-01,2
BOL202600681,CTR-1093,ONE,VNDNG (Da Nang),NLRTM (Rotterdam),20DC,2026-04-12,14
BOL202600682,CTR-1027,CMA CGM,VNHPH (Hai Phong),DEHAM (Hamburg),20DC,2026-01-11,7
BOL202600683,CTR-1121,MSC,VNHPH (Hai Phong),CNSHA (Shanghai),20DC,2026-01-05,8
BOL202600684,CTR-1084,ONE,VNSGN (Cat Lai),DEHAM (Hamburg),40HC,2026-01-20,14
BOL202600685,CTR-1141,MSC,VNDNG (Da Nang),NLRTM (Rotterdam),20DC,2026-03-22,10
BOL202600686,CTR-1006,Maersk,VNHPH (Hai Phong),NLRTM (Rotterdam),40HC,2026-04-20,10
BOL202600687,CTR-1150,Hapag-Lloyd,VNHPH (Hai Phong),NLRTM (Rotterdam),40HC,2026-04-14,12
BOL202600688,CTR-1130,MSC,VNSGN (Cat Lai),CNSHA (Shanghai),40HC,2026-06-13,7
BOL202600689,CTR-1050,COSCO,VNHPH (Hai Phong),CNSHA (Shanghai),40HC,2026-03-16,2
BOL202600690,CTR-1093,ONE,VNDNG (Da Nang),NLRTM (Rotterdam),20DC,2026-04-14,1
BOL202600691,CTR-1080,ONE,VNHPH (Hai Phong),USLAX (Los Angeles),40HC,2026-03-25,3
BOL202600692,CTR-1016,Maersk,VNSGN (Cat Lai),USLAX (Los Angeles),40HC,2026-06-08,8
BOL202600693,CTR-1029,CMA CGM,VNHPH (Hai Phong),NLRTM (Rotterdam),20DC,2026-06-26,15
BOL202600694,CTR-1144,MSC,VNDNG (Da Nang),USLAX (Los Angeles),40HC,2026-04-03,2
BOL202600695,CTR-1137,MSC,VNDNG (Da Nang),CNSHA (Shanghai),20DC,2026-04-22,14
BOL202600696,CTR-1078,ONE,VNHPH (Hai Phong),NLRTM (Rotterdam),40HC,2026-01-28,4
BOL202600697,CTR-1086,ONE,VNSGN (Cat Lai),NLRTM (Rotterdam),40HC,2026-04-22,10
BOL202600698,CTR-1113,Evergreen,VNDNG (Da Nang),CNSHA (Shanghai),20DC,2026-04-13,9
BOL202600699,CTR-1134,MSC,VNSGN (Cat Lai),NLRTM (Rotterdam),40HC,2026-01-21,7
BOL202600700,CTR-1078,ONE,VNHPH (Hai Phong),NLRTM (Rotterdam),40HC,2026-03-21,12
BOL202600701,CTR-1017,Maersk,VNDNG (Da Nang),CNSHA (Shanghai),20DC,2026-03-28,4
BOL202600702,CTR-1165,Hapag-Lloyd,VNDNG (Da Nang),NLRTM (Rotterdam),20DC,2026-03-27,13
BOL202600703,CTR-1068,COSCO,VNDNG (Da Nang),DEHAM (Hamburg),40HC,2026-02-13,2
BOL202600704,CTR-1048,CMA CGM,VNDNG (Da Nang),USLAX (Los Angeles),40HC,2026-05-11,11
BOL202600705,CTR-1101,Evergreen,VNHPH (Hai Phong),NLRTM (Rotterdam),20DC,2026-01-30,9
BOL202600706,CTR-1078,ONE,VNHPH (Hai Phong),NLRTM (Rotterdam),40HC,2026-05-11,4
BOL202600707,CTR-1114,Evergreen,VNDNG (Da Nang),CNSHA (Shanghai),40HC,2026-03-31,6
BOL202600708,CTR-1056,COSCO,VNHPH (Hai Phong),USLAX (Los Angeles),40HC,2026-06-15,14
BOL202600709,CTR-1086,ONE,VNSGN (Cat Lai),NLRTM (Rotterdam),40HC,2026-02-07,4
BOL202600710,CTR-1042,CMA CGM,VNDNG (Da Nang),CNSHA (Shanghai),40HC,2026-01-27,3
BOL202600711,CTR-1014,Maersk,VNSGN (Cat Lai),NLRTM (Rotterdam),40HC,2026-03-07,4
BOL202600712,CTR-1155,Hapag-Lloyd,VNSGN (Cat Lai),DEHAM (Hamburg),20DC,2026-02-14,10
BOL202600713,CTR-1116,Evergreen,VNDNG (Da Nang),DEHAM (Hamburg),40HC,2026-02-09,13
BOL202600714,CTR-1148,Hapag-Lloyd,VNHPH (Hai Phong),DEHAM (Hamburg),40HC,2026-06-17,2
BOL202600715,CTR-1085,ONE,VNSGN (Cat Lai),NLRTM (Rotterdam),20DC,2026-02-15,13
BOL202600716,CTR-1118,Evergreen,VNDNG (Da Nang),NLRTM (Rotterdam),40HC,2026-06-10,8
BOL202600717,CTR-1092,ONE,VNDNG (Da Nang),DEHAM (Hamburg),40HC,2026-04-29,13
BOL202600718,CTR-1065,COSCO,VNDNG (Da Nang),CNSHA (Shanghai),20DC,2026-05-25,13
BOL202600719,CTR-1109,Evergreen,VNSGN (Cat Lai),NLRTM (Rotterdam),20DC,2026-05-29,8
BOL202600720,CTR-1060,COSCO,VNSGN (Cat Lai),DEHAM (Hamburg),40HC,2026-06-24,15
BOL202600721,CTR-1086,ONE,VNSGN (Cat Lai),NLRTM (Rotterdam),40HC,2026-05-25,11
BOL202600722,CTR-1094,ONE,VNDNG (Da Nang),NLRTM (Rotterdam),40HC,2026-06-12,10
BOL202600723,CTR-1016,Maersk,VNSGN (Cat Lai),USLAX (Los Angeles),40HC,2026-03-24,14
BOL202600724,CTR-1111,Evergreen,VNSGN (Cat Lai),USLAX (Los Angeles),20DC,2026-06-10,6
BOL202600725,CTR-1145,Hapag-Lloyd,VNHPH (Hai Phong),CNSHA (Shanghai),20DC,2026-02-08,8
BOL202600726,CTR-1146,Hapag-Lloyd,VNHPH (Hai Phong),CNSHA (Shanghai),40HC,2026-01-18,8
BOL202600727,CTR-1086,ONE,VNSGN (Cat Lai),NLRTM (Rotterdam),40HC,2026-04-24,11
BOL202600728,CTR-1080,ONE,VNHPH (Hai Phong),USLAX (Los Angeles),40HC,2026-03-19,13
BOL202600729,CTR-1038,CMA CGM,VNSGN (Cat Lai),NLRTM (Rotterdam),40HC,2026-03-12,10
BOL202600730,CTR-1051,COSCO,VNHPH (Hai Phong),DEHAM (Hamburg),20DC,2026-01-15,6
BOL202600731,CTR-1058,COSCO,VNSGN (Cat Lai),CNSHA (Shanghai),40HC,2026-05-10,2
BOL202600732,CTR-1099,Evergreen,VNHPH (Hai Phong),DEHAM (Hamburg),20DC,2026-03-21,8
BOL202600733,CTR-1113,Evergreen,VNDNG (Da Nang),CNSHA (Shanghai),20DC,2026-04-26,1
BOL202600734,CTR-1076,ONE,VNHPH (Hai Phong),DEHAM (Hamburg),40HC,2026-01-15,6
BOL202600735,CTR-1019,Maersk,VNDNG (Da Nang),DEHAM (Hamburg),20DC,2026-03-15,2
BOL202600736,CTR-1145,Hapag-Lloyd,VNHPH (Hai Phong),CNSHA (Shanghai),20DC,2026-06-15,14
BOL202600737,CTR-1113,Evergreen,VNDNG (Da Nang),CNSHA (Shanghai),20DC,2026-01-24,10
BOL202600738,CTR-1087,ONE,VNSGN (Cat Lai),USLAX (Los Angeles),20DC,2026-06-02,9
BOL202600739,CTR-1156,Hapag-Lloyd,VNSGN (Cat Lai),DEHAM (Hamburg),40HC,2026-04-09,8
BOL202600740,CTR-1124,MSC,VNHPH (Hai Phong),DEHAM (Hamburg),40HC,2026-05-29,9
BOL202600741,CTR-1132,MSC,VNSGN (Cat Lai),DEHAM (Hamburg),40HC,2026-01-11,8
BOL202600742,CTR-1063,COSCO,VNSGN (Cat Lai),USLAX (Los Angeles),20DC,2026-05-27,11
BOL202600743,CTR-1148,Hapag-Lloyd,VNHPH (Hai Phong),DEHAM (Hamburg),40HC,2026-02-18,6
BOL202600744,CTR-1071,COSCO,VNDNG (Da Nang),USLAX (Los Angeles),20DC,2026-06-04,8
BOL202600745,CTR-1008,Maersk,VNHPH (Hai Phong),USLAX (Los Angeles),40HC,2026-05-09,3
BOL202600746,CTR-1098,Evergreen,VNHPH (Hai Phong),CNSHA (Shanghai),40HC,2026-01-16,8
BOL202600747,CTR-1062,COSCO,VNSGN (Cat Lai),NLRTM (Rotterdam),40HC,2026-01-27,13
BOL202600748,CTR-1148,Hapag-Lloyd,VNHPH (Hai Phong),DEHAM (Hamburg),40HC,2026-03-29,12
BOL202600749,CTR-1102,Evergreen,VNHPH (Hai Phong),NLRTM (Rotterdam),40HC,2026-01-22,9
BOL202600750,CTR-1133,MSC,VNSGN (Cat Lai),NLRTM (Rotterdam),20DC,2026-06-15,3
BOL202600751,CTR-1059,COSCO,VNSGN (Cat Lai),DEHAM (Hamburg),20DC,2026-01-11,4
BOL202600752,CTR-1005,Maersk,VNHPH (Hai Phong),NLRTM (Rotterdam),20DC,2026-04-23,8
BOL202600753,CTR-1143,MSC,VNDNG (Da Nang),USLAX (Los Angeles),20DC,2026-05-15,9
BOL202600754,CTR-1096,ONE,VNDNG (Da Nang),USLAX (Los Angeles),40HC,2026-06-06,3
BOL202600755,CTR-1114,Evergreen,VNDNG (Da Nang),CNSHA (Shanghai),40HC,2026-04-04,6
BOL202600756,CTR-1048,CMA CGM,VNDNG (Da Nang),USLAX (Los Angeles),40HC,2026-03-14,7
BOL202600757,CTR-1050,COSCO,VNHPH (Hai Phong),CNSHA (Shanghai),40HC,2026-04-15,13
BOL202600758,CTR-1067,COSCO,VNDNG (Da Nang),DEHAM (Hamburg),20DC,2026-03-28,11
BOL202600759,CTR-1164,Hapag-Lloyd,VNDNG (Da Nang),DEHAM (Hamburg),40HC,2026-06-03,1
BOL202600760,CTR-1001,Maersk,VNHPH (Hai Phong),CNSHA (Shanghai),20DC,2026-06-11,11
BOL202600761,CTR-1134,MSC,VNSGN (Cat Lai),NLRTM (Rotterdam),40HC,2026-03-27,2
BOL202600762,CTR-1116,Evergreen,VNDNG (Da Nang),DEHAM (Hamburg),40HC,2026-03-26,2
BOL202600763,CTR-1056,COSCO,VNHPH (Hai Phong),USLAX (Los Angeles),40HC,2026-05-23,11
BOL202600764,CTR-1140,MSC,VNDNG (Da Nang),DEHAM (Hamburg),40HC,2026-04-09,5
BOL202600765,CTR-1086,ONE,VNSGN (Cat Lai),NLRTM (Rotterdam),40HC,2026-03-06,12
BOL202600766,CTR-1076,ONE,VNHPH (Hai Phong),DEHAM (Hamburg),40HC,2026-06-18,15
BOL202600767,CTR-1029,CMA CGM,VNHPH (Hai Phong),NLRTM (Rotterdam),20DC,2026-06-04,14
BOL202600768,CTR-1097,Evergreen,VNHPH (Hai Phong),CNSHA (Shanghai),20DC,2026-02-08,6
BOL202600769,CTR-1059,COSCO,VNSGN (Cat Lai),DEHAM (Hamburg),20DC,2026-01-21,10
BOL202600770,CTR-1119,Evergreen,VNDNG (Da Nang),USLAX (Los Angeles),20DC,2026-06-19,3
BOL202600771,CTR-1056,COSCO,VNHPH (Hai Phong),USLAX (Los Angeles),40HC,2026-03-31,5
BOL202600772,CTR-1083,ONE,VNSGN (Cat Lai),DEHAM (Hamburg),20DC,2026-06-17,12
BOL202600773,CTR-1058,COSCO,VNSGN (Cat Lai),CNSHA (Shanghai),40HC,2026-06-19,7
BOL202600774,CTR-1065,COSCO,VNDNG (Da Nang),CNSHA (Shanghai),20DC,2026-02-03,10
BOL202600775,CTR-1052,COSCO,VNHPH (Hai Phong),DEHAM (Hamburg),40HC,2026-01-22,5
BOL202600776,CTR-1142,MSC,VNDNG (Da Nang),NLRTM (Rotterdam),40HC,2026-05-24,7
BOL202600777,CTR-1114,Evergreen,VNDNG (Da Nang),CNSHA (Shanghai),40HC,2026-06-14,13
BOL202600778,CTR-1073,ONE,VNHPH (Hai Phong),CNSHA (Shanghai),20DC,2026-03-26,14
BOL202600779,CTR-1105,Evergreen,VNSGN (Cat Lai),CNSHA (Shanghai),20DC,2026-02-02,11
BOL202600780,CTR-1152,Hapag-Lloyd,VNHPH (Hai Phong),USLAX (Los Angeles),40HC,2026-06-29,14
BOL202600781,CTR-1165,Hapag-Lloyd,VNDNG (Da Nang),NLRTM (Rotterdam),20DC,2026-06-25,15
BOL202600782,CTR-1080,ONE,VNHPH (Hai Phong),USLAX (Los Angeles),40HC,2026-05-15,2
BOL202600783,CTR-1020,Maersk,VNDNG (Da Nang),DEHAM (Hamburg),40HC,2026-06-15,11
BOL202600784,CTR-1058,COSCO,VNSGN (Cat Lai),CNSHA (Shanghai),40HC,2026-04-19,9
BOL202600785,CTR-1101,Evergreen,VNHPH (Hai Phong),NLRTM (Rotterdam),20DC,2026-04-03,1
BOL202600786,CTR-1133,MSC,VNSGN (Cat Lai),NLRTM (Rotterdam),20DC,2026-04-03,5
BOL202600787,CTR-1040,CMA CGM,VNSGN (Cat Lai),USLAX (Los Angeles),40HC,2026-02-16,4
BOL202600788,CTR-1143,MSC,VNDNG (Da Nang),USLAX (Los Angeles),20DC,2026-03-29,13
BOL202600789,CTR-1053,COSCO,VNHPH (Hai Phong),NLRTM (Rotterdam),20DC,2026-05-05,4
BOL202600790,CTR-1107,Evergreen,VNSGN (Cat Lai),DEHAM (Hamburg),20DC,2026-02-27,3
BOL202600791,CTR-1114,Evergreen,VNDNG (Da Nang),CNSHA (Shanghai),40HC,2026-02-09,2
BOL202600792,CTR-1111,Evergreen,VNSGN (Cat Lai),USLAX (Los Angeles),20DC,2026-03-17,14
BOL202600793,CTR-1121,MSC,VNHPH (Hai Phong),CNSHA (Shanghai),20DC,2026-01-26,9
BOL202600794,CTR-1130,MSC,VNSGN (Cat Lai),CNSHA (Shanghai),40HC,2026-05-19,14
BOL202600795,CTR-1058,COSCO,VNSGN (Cat Lai),CNSHA (Shanghai),40HC,2026-05-15,1
BOL202600796,CTR-1008,Maersk,VNHPH (Hai Phong),USLAX (Los Angeles),40HC,2026-06-19,6
BOL202600797,CTR-1140,MSC,VNDNG (Da Nang),DEHAM (Hamburg),40HC,2026-06-08,3
BOL202600798,CTR-1126,MSC,VNHPH (Hai Phong),NLRTM (Rotterdam),40HC,2026-06-02,7
BOL202600799,CTR-1084,ONE,VNSGN (Cat Lai),DEHAM (Hamburg),40HC,2026-02-09,3
BOL202600800,CTR-1097,Evergreen,VNHPH (Hai Phong),CNSHA (Shanghai),20DC,2026-02-16,14
BOL202600801,CTR-1080,ONE,VNHPH (Hai Phong),USLAX (Los Angeles),40HC,2026-06-27,13
BOL202600802,CTR-1159,Hapag-Lloyd,VNSGN (Cat Lai),USLAX (Los Angeles),20DC,2026-06-09,13
BOL202600803,CTR-1039,CMA CGM,VNSGN (Cat Lai),USLAX (Los Angeles),20DC,2026-02-12,12
BOL202600804,CTR-1108,Evergreen,VNSGN (Cat Lai),DEHAM (Hamburg),40HC,2026-04-23,1
BOL202600805,CTR-1143,MSC,VNDNG (Da Nang),USLAX (Los Angeles),20DC,2026-04-16,6
BOL202600806,CTR-1146,Hapag-Lloyd,VNHPH (Hai Phong),CNSHA (Shanghai),40HC,2026-06-23,12
BOL202600807,CTR-1118,Evergreen,VNDNG (Da Nang),NLRTM (Rotterdam),40HC,2026-03-02,8
BOL202600808,CTR-1098,Evergreen,VNHPH (Hai Phong),CNSHA (Shanghai),40HC,2026-06-06,5
BOL202600809,CTR-1039,CMA CGM,VNSGN (Cat Lai),USLAX (Los Angeles),20DC,2026-04-25,4
BOL202600810,CTR-1158,Hapag-Lloyd,VNSGN (Cat Lai),NLRTM (Rotterdam),40HC,2026-05-17,4
BOL202600811,CTR-1064,COSCO,VNSGN (Cat Lai),USLAX (Los Angeles),40HC,2026-03-21,13
BOL202600812,CTR-1157,Hapag-Lloyd,VNSGN (Cat Lai),NLRTM (Rotterdam),20DC,2026-05-01,15
BOL202600813,CTR-1023,Maersk,VNDNG (Da Nang),USLAX (Los Angeles),20DC,2026-02-19,6
BOL202600814,CTR-1154,Hapag-Lloyd,VNSGN (Cat Lai),CNSHA (Shanghai),40HC,2026-06-23,10
BOL202600815,CTR-1117,Evergreen,VNDNG (Da Nang),NLRTM (Rotterdam),20DC,2026-04-23,8
BOL202600816,CTR-1115,Evergreen,VNDNG (Da Nang),DEHAM (Hamburg),20DC,2026-03-14,13
BOL202600817,CTR-1082,ONE,VNSGN (Cat Lai),CNSHA (Shanghai),40HC,2026-04-08,9
BOL202600818,CTR-1066,COSCO,VNDNG (Da Nang),CNSHA (Shanghai),40HC,2026-05-16,7
BOL202600819,CTR-1092,ONE,VNDNG (Da Nang),DEHAM (Hamburg),40HC,2026-02-11,14
BOL202600820,CTR-1112,Evergreen,VNSGN (Cat Lai),USLAX (Los Angeles),40HC,2026-02-21,13
BOL202600821,CTR-1052,COSCO,VNHPH (Hai Phong),DEHAM (Hamburg),40HC,2026-06-04,3
BOL202600822,CTR-1031,CMA CGM,VNHPH (Hai Phong),USLAX (Los Angeles),20DC,2026-03-06,1
BOL202600823,CTR-1126,MSC,VNHPH (Hai Phong),NLRTM (Rotterdam),40HC,2026-06-14,8
BOL202600824,CTR-1139,MSC,VNDNG (Da Nang),DEHAM (Hamburg),20DC,2026-04-06,9
BOL202600825,CTR-1017,Maersk,VNDNG (Da Nang),CNSHA (Shanghai),20DC,2026-01-27,12
BOL202600826,CTR-1084,ONE,VNSGN (Cat Lai),DEHAM (Hamburg),40HC,2026-05-13,14
BOL202600827,CTR-1020,Maersk,VNDNG (Da Nang),DEHAM (Hamburg),40HC,2026-02-01,5
BOL202600828,CTR-1141,MSC,VNDNG (Da Nang),NLRTM (Rotterdam),20DC,2026-01-22,13
BOL202600829,CTR-1107,Evergreen,VNSGN (Cat Lai),DEHAM (Hamburg),20DC,2026-02-11,5
BOL202600830,CTR-1109,Evergreen,VNSGN (Cat Lai),NLRTM (Rotterdam),20DC,2026-04-26,15
BOL202600831,CTR-1030,CMA CGM,VNHPH (Hai Phong),NLRTM (Rotterdam),40HC,2026-05-12,3
BOL202600832,CTR-1143,MSC,VNDNG (Da Nang),USLAX (Los Angeles),20DC,2026-04-22,2
BOL202600833,CTR-1023,Maersk,VNDNG (Da Nang),USLAX (Los Angeles),20DC,2026-02-26,14
BOL202600834,CTR-1063,COSCO,VNSGN (Cat Lai),USLAX (Los Angeles),20DC,2026-04-26,15
BOL202600835,CTR-1112,Evergreen,VNSGN (Cat Lai),USLAX (Los Angeles),40HC,2026-03-31,15
BOL202600836,CTR-1035,CMA CGM,VNSGN (Cat Lai),DEHAM (Hamburg),20DC,2026-01-07,7
BOL202600837,CTR-1075,ONE,VNHPH (Hai Phong),DEHAM (Hamburg),20DC,2026-01-14,7
BOL202600838,CTR-1129,MSC,VNSGN (Cat Lai),CNSHA (Shanghai),20DC,2026-05-09,6
BOL202600839,CTR-1023,Maersk,VNDNG (Da Nang),USLAX (Los Angeles),20DC,2026-03-02,7
BOL202600840,CTR-1085,ONE,VNSGN (Cat Lai),NLRTM (Rotterdam),20DC,2026-01-21,6
BOL202600841,CTR-1138,MSC,VNDNG (Da Nang),CNSHA (Shanghai),40HC,2026-02-27,1
BOL202600842,CTR-1093,ONE,VNDNG (Da Nang),NLRTM (Rotterdam),20DC,2026-03-23,15
BOL202600843,CTR-1097,Evergreen,VNHPH (Hai Phong),CNSHA (Shanghai),20DC,2026-01-26,14
BOL202600844,CTR-1034,CMA CGM,VNSGN (Cat Lai),CNSHA (Shanghai),40HC,2026-06-16,6
BOL202600845,CTR-1006,Maersk,VNHPH (Hai Phong),NLRTM (Rotterdam),40HC,2026-02-07,3
BOL202600846,CTR-1059,COSCO,VNSGN (Cat Lai),DEHAM (Hamburg),20DC,2026-01-10,5
BOL202600847,CTR-1062,COSCO,VNSGN (Cat Lai),NLRTM (Rotterdam),40HC,2026-05-01,12
BOL202600848,CTR-1109,Evergreen,VNSGN (Cat Lai),NLRTM (Rotterdam),20DC,2026-02-05,13
BOL202600849,CTR-1119,Evergreen,VNDNG (Da Nang),USLAX (Los Angeles),20DC,2026-06-30,8
BOL202600850,CTR-1084,ONE,VNSGN (Cat Lai),DEHAM (Hamburg),40HC,2026-04-25,10
BOL202600851,CTR-1024,Maersk,VNDNG (Da Nang),USLAX (Los Angeles),40HC,2026-01-02,15
BOL202600852,CTR-1168,Hapag-Lloyd,VNDNG (Da Nang),USLAX (Los Angeles),40HC,2026-01-21,1
BOL202600853,CTR-1046,CMA CGM,VNDNG (Da Nang),NLRTM (Rotterdam),40HC,2026-03-07,4
BOL202600854,CTR-1007,Maersk,VNHPH (Hai Phong),USLAX (Los Angeles),20DC,2026-02-08,9
BOL202600855,CTR-1036,CMA CGM,VNSGN (Cat Lai),DEHAM (Hamburg),40HC,2026-06-05,9
BOL202600856,CTR-1117,Evergreen,VNDNG (Da Nang),NLRTM (Rotterdam),20DC,2026-04-19,2
BOL202600857,CTR-1108,Evergreen,VNSGN (Cat Lai),DEHAM (Hamburg),40HC,2026-03-15,4
BOL202600858,CTR-1108,Evergreen,VNSGN (Cat Lai),DEHAM (Hamburg),40HC,2026-03-19,2
BOL202600859,CTR-1083,ONE,VNSGN (Cat Lai),DEHAM (Hamburg),20DC,2026-01-13,4
BOL202600860,CTR-1036,CMA CGM,VNSGN (Cat Lai),DEHAM (Hamburg),40HC,2026-04-18,11
BOL202600861,CTR-1060,COSCO,VNSGN (Cat Lai),DEHAM (Hamburg),40HC,2026-06-09,8
BOL202600862,CTR-1154,Hapag-Lloyd,VNSGN (Cat Lai),CNSHA (Shanghai),40HC,2026-01-17,2
BOL202600863,CTR-1117,Evergreen,VNDNG (Da Nang),NLRTM (Rotterdam),20DC,2026-05-08,10
BOL202600864,CTR-1157,Hapag-Lloyd,VNSGN (Cat Lai),NLRTM (Rotterdam),20DC,2026-05-18,1
BOL202600865,CTR-1014,Maersk,VNSGN (Cat Lai),NLRTM (Rotterdam),40HC,2026-06-11,9
BOL202600866,CTR-1040,CMA CGM,VNSGN (Cat Lai),USLAX (Los Angeles),40HC,2026-05-28,4
BOL202600867,CTR-1132,MSC,VNSGN (Cat Lai),DEHAM (Hamburg),40HC,2026-02-06,5
BOL202600868,CTR-1013,Maersk,VNSGN (Cat Lai),NLRTM (Rotterdam),20DC,2026-04-20,1
BOL202600869,CTR-1022,Maersk,VNDNG (Da Nang),NLRTM (Rotterdam),40HC,2026-06-07,6
BOL202600870,CTR-1162,Hapag-Lloyd,VNDNG (Da Nang),CNSHA (Shanghai),40HC,2026-03-03,10
BOL202600871,CTR-1116,Evergreen,VNDNG (Da Nang),DEHAM (Hamburg),40HC,2026-04-17,3
BOL202600872,CTR-1016,Maersk,VNSGN (Cat Lai),USLAX (Los Angeles),40HC,2026-06-20,11
BOL202600873,CTR-1146,Hapag-Lloyd,VNHPH (Hai Phong),CNSHA (Shanghai),40HC,2026-01-22,9
BOL202600874,CTR-1035,CMA CGM,VNSGN (Cat Lai),DEHAM (Hamburg),20DC,2026-04-03,2
BOL202600875,CTR-1007,Maersk,VNHPH (Hai Phong),USLAX (Los Angeles),20DC,2026-05-15,9
BOL202600876,CTR-1030,CMA CGM,VNHPH (Hai Phong),NLRTM (Rotterdam),40HC,2026-05-10,13
BOL202600877,CTR-1017,Maersk,VNDNG (Da Nang),CNSHA (Shanghai),20DC,2026-05-10,9
BOL202600878,CTR-1008,Maersk,VNHPH (Hai Phong),USLAX (Los Angeles),40HC,2026-01-06,7
BOL202600879,CTR-1059,COSCO,VNSGN (Cat Lai),DEHAM (Hamburg),20DC,2026-05-01,1
BOL202600880,CTR-1074,ONE,VNHPH (Hai Phong),CNSHA (Shanghai),40HC,2026-06-12,7
BOL202600881,CTR-1025,CMA CGM,VNHPH (Hai Phong),CNSHA (Shanghai),20DC,2026-04-06,5
BOL202600882,CTR-1004,Maersk,VNHPH (Hai Phong),DEHAM (Hamburg),40HC,2026-01-05,6
BOL202600883,CTR-1070,COSCO,VNDNG (Da Nang),NLRTM (Rotterdam),40HC,2026-01-18,6
BOL202600884,CTR-1142,MSC,VNDNG (Da Nang),NLRTM (Rotterdam),40HC,2026-03-03,12
BOL202600885,CTR-1005,Maersk,VNHPH (Hai Phong),NLRTM (Rotterdam),20DC,2026-06-18,11
BOL202600886,CTR-1165,Hapag-Lloyd,VNDNG (Da Nang),NLRTM (Rotterdam),20DC,2026-01-27,13
BOL202600887,CTR-1108,Evergreen,VNSGN (Cat Lai),DEHAM (Hamburg),40HC,2026-05-29,12
BOL202600888,CTR-1103,Evergreen,VNHPH (Hai Phong),USLAX (Los Angeles),20DC,2026-03-27,3
BOL202600889,CTR-1033,CMA CGM,VNSGN (Cat Lai),CNSHA (Shanghai),20DC,2026-01-12,6
BOL202600890,CTR-1025,CMA CGM,VNHPH (Hai Phong),CNSHA (Shanghai),20DC,2026-05-20,6
BOL202600891,CTR-1028,CMA CGM,VNHPH (Hai Phong),DEHAM (Hamburg),40HC,2026-06-14,3
BOL202600892,CTR-1143,MSC,VNDNG (Da Nang),USLAX (Los Angeles),20DC,2026-06-25,8
BOL202600893,CTR-1086,ONE,VNSGN (Cat Lai),NLRTM (Rotterdam),40HC,2026-06-28,8
BOL202600894,CTR-1093,ONE,VNDNG (Da Nang),NLRTM (Rotterdam),20DC,2026-06-11,3
BOL202600895,CTR-1088,ONE,VNSGN (Cat Lai),USLAX (Los Angeles),40HC,2026-02-04,2
BOL202600896,CTR-1102,Evergreen,VNHPH (Hai Phong),NLRTM (Rotterdam),40HC,2026-04-28,1
BOL202600897,CTR-1120,Evergreen,VNDNG (Da Nang),USLAX (Los Angeles),40HC,2026-03-17,4
BOL202600898,CTR-1051,COSCO,VNHPH (Hai Phong),DEHAM (Hamburg),20DC,2026-01-12,13
BOL202600899,CTR-1084,ONE,VNSGN (Cat Lai),DEHAM (Hamburg),40HC,2026-02-21,15
BOL202600900,CTR-1024,Maersk,VNDNG (Da Nang),USLAX (Los Angeles),40HC,2026-01-11,6
BOL202600901,CTR-1012,Maersk,VNSGN (Cat Lai),DEHAM (Hamburg),40HC,2026-03-21,9
BOL202600902,CTR-1133,MSC,VNSGN (Cat Lai),NLRTM (Rotterdam),20DC,2026-04-12,14
BOL202600903,CTR-1148,Hapag-Lloyd,VNHPH (Hai Phong),DEHAM (Hamburg),40HC,2026-05-20,8
BOL202600904,CTR-1141,MSC,VNDNG (Da Nang),NLRTM (Rotterdam),20DC,2026-03-06,1
BOL202600905,CTR-1024,Maersk,VNDNG (Da Nang),USLAX (Los Angeles),40HC,2026-06-15,4
BOL202600906,CTR-1088,ONE,VNSGN (Cat Lai),USLAX (Los Angeles),40HC,2026-03-15,6
BOL202600907,CTR-1064,COSCO,VNSGN (Cat Lai),USLAX (Los Angeles),40HC,2026-01-13,14
BOL202600908,CTR-1054,COSCO,VNHPH (Hai Phong),NLRTM (Rotterdam),40HC,2026-06-17,6
BOL202600909,CTR-1100,Evergreen,VNHPH (Hai Phong),DEHAM (Hamburg),40HC,2026-03-11,2
BOL202600910,CTR-1094,ONE,VNDNG (Da Nang),NLRTM (Rotterdam),40HC,2026-04-05,7
BOL202600911,CTR-1081,ONE,VNSGN (Cat Lai),CNSHA (Shanghai),20DC,2026-04-13,12
BOL202600912,CTR-1055,COSCO,VNHPH (Hai Phong),USLAX (Los Angeles),20DC,2026-04-23,15
BOL202600913,CTR-1117,Evergreen,VNDNG (Da Nang),NLRTM (Rotterdam),20DC,2026-04-09,6
BOL202600914,CTR-1072,COSCO,VNDNG (Da Nang),USLAX (Los Angeles),40HC,2026-02-17,8
BOL202600915,CTR-1096,ONE,VNDNG (Da Nang),USLAX (Los Angeles),40HC,2026-06-27,8
BOL202600916,CTR-1123,MSC,VNHPH (Hai Phong),DEHAM (Hamburg),20DC,2026-04-05,15
BOL202600917,CTR-1040,CMA CGM,VNSGN (Cat Lai),USLAX (Los Angeles),40HC,2026-05-13,5
BOL202600918,CTR-1128,MSC,VNHPH (Hai Phong),USLAX (Los Angeles),40HC,2026-01-22,12
BOL202600919,CTR-1042,CMA CGM,VNDNG (Da Nang),CNSHA (Shanghai),40HC,2026-04-19,2
BOL202600920,CTR-1044,CMA CGM,VNDNG (Da Nang),DEHAM (Hamburg),40HC,2026-04-21,10
BOL202600921,CTR-1071,COSCO,VNDNG (Da Nang),USLAX (Los Angeles),20DC,2026-02-16,9
BOL202600922,CTR-1057,COSCO,VNSGN (Cat Lai),CNSHA (Shanghai),20DC,2026-03-17,6
BOL202600923,CTR-1157,Hapag-Lloyd,VNSGN (Cat Lai),NLRTM (Rotterdam),20DC,2026-01-27,2
BOL202600924,CTR-1037,CMA CGM,VNSGN (Cat Lai),NLRTM (Rotterdam),20DC,2026-03-25,11
BOL202600925,CTR-1080,ONE,VNHPH (Hai Phong),USLAX (Los Angeles),40HC,2026-03-17,5
BOL202600926,CTR-1091,ONE,VNDNG (Da Nang),DEHAM (Hamburg),20DC,2026-04-25,10
BOL202600927,CTR-1156,Hapag-Lloyd,VNSGN (Cat Lai),DEHAM (Hamburg),40HC,2026-04-20,3
BOL202600928,CTR-1079,ONE,VNHPH (Hai Phong),USLAX (Los Angeles),20DC,2026-06-26,8
BOL202600929,CTR-1045,CMA CGM,VNDNG (Da Nang),NLRTM (Rotterdam),20DC,2026-03-31,8
BOL202600930,CTR-1093,ONE,VNDNG (Da Nang),NLRTM (Rotterdam),20DC,2026-01-11,12
BOL202600931,CTR-1039,CMA CGM,VNSGN (Cat Lai),USLAX (Los Angeles),20DC,2026-04-01,10
BOL202600932,CTR-1081,ONE,VNSGN (Cat Lai),CNSHA (Shanghai),20DC,2026-04-22,5
BOL202600933,CTR-1111,Evergreen,VNSGN (Cat Lai),USLAX (Los Angeles),20DC,2026-06-13,13
BOL202600934,CTR-1024,Maersk,VNDNG (Da Nang),USLAX (Los Angeles),40HC,2026-01-15,2
BOL202600935,CTR-1037,CMA CGM,VNSGN (Cat Lai),NLRTM (Rotterdam),20DC,2026-06-21,11
BOL202600936,CTR-1117,Evergreen,VNDNG (Da Nang),NLRTM (Rotterdam),20DC,2026-04-14,6
BOL202600937,CTR-1013,Maersk,VNSGN (Cat Lai),NLRTM (Rotterdam),20DC,2026-05-12,13
BOL202600938,CTR-1003,Maersk,VNHPH (Hai Phong),DEHAM (Hamburg),20DC,2026-06-23,3
BOL202600939,CTR-1052,COSCO,VNHPH (Hai Phong),DEHAM (Hamburg),40HC,2026-01-08,3
BOL202600940,CTR-1138,MSC,VNDNG (Da Nang),CNSHA (Shanghai),40HC,2026-06-05,11
BOL202600941,CTR-1067,COSCO,VNDNG (Da Nang),DEHAM (Hamburg),20DC,2026-04-23,1
BOL202600942,CTR-1024,Maersk,VNDNG (Da Nang),USLAX (Los Angeles),40HC,2026-02-02,2
BOL202600943,CTR-1087,ONE,VNSGN (Cat Lai),USLAX (Los Angeles),20DC,2026-03-02,13
BOL202600944,CTR-1095,ONE,VNDNG (Da Nang),USLAX (Los Angeles),20DC,2026-06-15,6
BOL202600945,CTR-1141,MSC,VNDNG (Da Nang),NLRTM (Rotterdam),20DC,2026-04-03,7
BOL202600946,CTR-1085,ONE,VNSGN (Cat Lai),NLRTM (Rotterdam),20DC,2026-05-26,1
BOL202600947,CTR-1076,ONE,VNHPH (Hai Phong),DEHAM (Hamburg),40HC,2026-06-04,3
BOL202600948,CTR-1026,CMA CGM,VNHPH (Hai Phong),CNSHA (Shanghai),40HC,2026-06-23,8
BOL202600949,CTR-1032,CMA CGM,VNHPH (Hai Phong),USLAX (Los Angeles),40HC,2026-04-05,6
BOL202600950,CTR-1014,Maersk,VNSGN (Cat Lai),NLRTM (Rotterdam),40HC,2026-04-24,13
BOL202600951,CTR-1167,Hapag-Lloyd,VNDNG (Da Nang),USLAX (Los Angeles),20DC,2026-01-20,10
BOL202600952,CTR-1164,Hapag-Lloyd,VNDNG (Da Nang),DEHAM (Hamburg),40HC,2026-02-05,9
BOL202600953,CTR-1013,Maersk,VNSGN (Cat Lai),NLRTM (Rotterdam),20DC,2026-04-04,7
BOL202600954,CTR-1051,COSCO,VNHPH (Hai Phong),DEHAM (Hamburg),20DC,2026-03-22,11
BOL202600955,CTR-1075,ONE,VNHPH (Hai Phong),DEHAM (Hamburg),20DC,2026-03-13,4
BOL202600956,CTR-1001,Maersk,VNHPH (Hai Phong),CNSHA (Shanghai),20DC,2026-01-30,1
BOL202600957,CTR-1092,ONE,VNDNG (Da Nang),DEHAM (Hamburg),40HC,2026-02-17,8
BOL202600958,CTR-1121,MSC,VNHPH (Hai Phong),CNSHA (Shanghai),20DC,2026-05-13,7
BOL202600959,CTR-1055,COSCO,VNHPH (Hai Phong),USLAX (Los Angeles),20DC,2026-05-24,2
BOL202600960,CTR-1116,Evergreen,VNDNG (Da Nang),DEHAM (Hamburg),40HC,2026-03-09,13
BOL202600961,CTR-1094,ONE,VNDNG (Da Nang),NLRTM (Rotterdam),40HC,2026-03-08,12
BOL202600962,CTR-1082,ONE,VNSGN (Cat Lai),CNSHA (Shanghai),40HC,2026-04-25,4
BOL202600963,CTR-1085,ONE,VNSGN (Cat Lai),NLRTM (Rotterdam),20DC,2026-06-06,5
BOL202600964,CTR-1049,COSCO,VNHPH (Hai Phong),CNSHA (Shanghai),20DC,2026-06-27,15
BOL202600965,CTR-1065,COSCO,VNDNG (Da Nang),CNSHA (Shanghai),20DC,2026-05-06,4
BOL202600966,CTR-1167,Hapag-Lloyd,VNDNG (Da Nang),USLAX (Los Angeles),20DC,2026-02-01,3
BOL202600967,CTR-1050,COSCO,VNHPH (Hai Phong),CNSHA (Shanghai),40HC,2026-01-19,8
BOL202600968,CTR-1050,COSCO,VNHPH (Hai Phong),CNSHA (Shanghai),40HC,2026-02-14,15
BOL202600969,CTR-1107,Evergreen,VNSGN (Cat Lai),DEHAM (Hamburg),20DC,2026-04-24,2
BOL202600970,CTR-1061,COSCO,VNSGN (Cat Lai),NLRTM (Rotterdam),20DC,2026-06-24,14
BOL202600971,CTR-1118,Evergreen,VNDNG (Da Nang),NLRTM (Rotterdam),40HC,2026-03-23,11
BOL202600972,CTR-1036,CMA CGM,VNSGN (Cat Lai),DEHAM (Hamburg),40HC,2026-03-30,12
BOL202600973,CTR-1156,Hapag-Lloyd,VNSGN (Cat Lai),DEHAM (Hamburg),40HC,2026-01-17,9
BOL202600974,CTR-1004,Maersk,VNHPH (Hai Phong),DEHAM (Hamburg),40HC,2026-05-19,5
BOL202600975,CTR-1071,COSCO,VNDNG (Da Nang),USLAX (Los Angeles),20DC,2026-03-18,14
BOL202600976,CTR-1167,Hapag-Lloyd,VNDNG (Da Nang),USLAX (Los Angeles),20DC,2026-02-10,12
BOL202600977,CTR-1104,Evergreen,VNHPH (Hai Phong),USLAX (Los Angeles),40HC,2026-06-29,11
BOL202600978,CTR-1026,CMA CGM,VNHPH (Hai Phong),CNSHA (Shanghai),40HC,2026-02-14,13
BOL202600979,CTR-1112,Evergreen,VNSGN (Cat Lai),USLAX (Los Angeles),40HC,2026-04-03,9
BOL202600980,CTR-1059,COSCO,VNSGN (Cat Lai),DEHAM (Hamburg),20DC,2026-02-27,2
BOL202600981,CTR-1023,Maersk,VNDNG (Da Nang),USLAX (Los Angeles),20DC,2026-02-21,13
BOL202600982,CTR-1033,CMA CGM,VNSGN (Cat Lai),CNSHA (Shanghai),20DC,2026-02-05,4
BOL202600983,CTR-1153,Hapag-Lloyd,VNSGN (Cat Lai),CNSHA (Shanghai),20DC,2026-05-07,1
BOL202600984,CTR-1110,Evergreen,VNSGN (Cat Lai),NLRTM (Rotterdam),40HC,2026-04-03,9
BOL202600985,CTR-1015,Maersk,VNSGN (Cat Lai),USLAX (Los Angeles),20DC,2026-05-27,6
BOL202600986,CTR-1143,MSC,VNDNG (Da Nang),USLAX (Los Angeles),20DC,2026-04-30,13
BOL202600987,CTR-1149,Hapag-Lloyd,VNHPH (Hai Phong),NLRTM (Rotterdam),20DC,2026-05-22,3
BOL202600988,CTR-1103,Evergreen,VNHPH (Hai Phong),USLAX (Los Angeles),20DC,2026-06-06,15
BOL202600989,CTR-1045,CMA CGM,VNDNG (Da Nang),NLRTM (Rotterdam),20DC,2026-01-23,2
BOL202600990,CTR-1064,COSCO,VNSGN (Cat Lai),USLAX (Los Angeles),40HC,2026-03-21,7
BOL202600991,CTR-1049,COSCO,VNHPH (Hai Phong),CNSHA (Shanghai),20DC,2026-05-03,9
BOL202600992,CTR-1014,Maersk,VNSGN (Cat Lai),NLRTM (Rotterdam),40HC,2026-04-16,13
BOL202600993,CTR-1118,Evergreen,VNDNG (Da Nang),NLRTM (Rotterdam),40HC,2026-04-15,14
BOL202600994,CTR-1159,Hapag-Lloyd,VNSGN (Cat Lai),USLAX (Los Angeles),20DC,2026-05-28,2
BOL202600995,CTR-1086,ONE,VNSGN (Cat Lai),NLRTM (Rotterdam),40HC,2026-02-02,6
BOL202600996,CTR-1024,Maersk,VNDNG (Da Nang),USLAX (Los Angeles),40HC,2026-06-14,2
BOL202600997,CTR-1032,CMA CGM,VNHPH (Hai Phong),USLAX (Los Angeles),40HC,2026-04-26,8
BOL202600998,CTR-1098,Evergreen,VNHPH (Hai Phong),CNSHA (Shanghai),40HC,2026-06-24,9
BOL202600999,CTR-1008,Maersk,VNHPH (Hai Phong),USLAX (Los Angeles),40HC,2026-03-30,3
BOL202601000,CTR-1135,MSC,VNSGN (Cat Lai),USLAX (Los Angeles),20DC,2026-05-22,11
